NodeID,NextNodeID,TotalCost
2206,2205,1049.6420000000005
1792,137,133.95
2997,2998,2410.028
3566,3567,642.9950000000001
2140,3607,470.9
3606,3605,708.0820000000001
3193,3192,3466.754999999994
830,831,1284.2780000000012
3443,3442,674.7740000000001
2826,2827,3170.727999999996
2388,1020,869.8770000000004
2369,2370,1117.0680000000004
1930,1931,552.7860000000001
840,841,1356.5610000000013
4018,4019,613.8600000000001
460,933,3280.7179999999953
1550,1549,2460.8819999999996
175,190,2022.1470000000024
2110,2109,757.4500000000003
375,374,3365.921999999995
1991,1985,2591.554999999999
2988,2987,3239.8009999999954
3170,3171,3599.735999999994
4245,4244,1109.482000000001
318,313,807.8510000000003
3241,3242,2588.9899999999984
180,181,2166.8580000000015
2074,2073,1511.5000000000014
2288,1609,1252.055000000001
2194,835,1272.1500000000012
1907,1908,1930.8390000000022
3688,943,666.24
1913,653,871.7520000000004
428,429,3184.394999999996
1798,1797,190.16099999999997
1122,1124,863.1850000000004
684,1911,1950.0060000000024
674,1980,2637.820999999998
2936,3333,1094.9480000000005
1448,3512,2049.5210000000025
3169,3168,3518.420999999994
1774,1775,1181.084000000001
2205,1764,1024.6540000000005
3524,3525,1477.2690000000014
3548,3547,1693.4820000000022
2292,2291,1352.007000000001
834,2190,1211.7240000000008
2500,2499,123.236
1921,3280,1228.411000000001
3161,3160,3466.754999999994
4298,968,437.167
4363,4170,2832.803999999998
2461,1115,1042.8480000000006
4418,4419,2627.567999999999
2773,2772,3216.3839999999955
1014,1013,1128.8960000000006
2856,2857,1385.911000000001
327,326,1130.2820000000006
864,866,962.8930000000005
2700,2701,423.7249999999999
3951,3949,1066.5280000000007
2603,2605,469.2049999999999
1765,3297,1590.1810000000016
103,101,442.02799999999996
728,727,2683.7069999999985
1852,1851,662.7660000000001
457,458,3355.681999999995
330,331,2306.906000000001
3475,3476,2283.246000000001
152,153,1005.6740000000004
3692,3691,563.0220000000002
3198,3197,3593.541999999994
3498,3499,1605.3820000000019
1013,2381,1103.9080000000006
417,419,2163.067000000002
4312,4313,1564.3920000000014
3988,3989,1012.3840000000005
4280,4279,327.789
2266,892,830.7020000000005
2863,279,1235.983000000001
994,852,1020.2000000000005
2107,3565,692.971
956,3683,369.77700000000004
188,187,1961.0640000000026
698,2398,1768.081000000002
4336,4337,2533.1609999999996
1988,1989,2621.2639999999983
1740,1741,662.3340000000001
298,381,3858.019999999992
257,255,1134.2990000000011
2594,2595,2214.768000000002
752,753,939.4910000000004
498,494,821.2030000000004
1140,1142,2370.663
3288,3289,2461.2540000000004
2069,2070,1356.3180000000011
3158,3157,3384.905999999995
3447,3446,749.7380000000003
2949,2948,720.3370000000002
2181,805,1095.9010000000007
3141,3140,3039.7359999999967
2143,2142,520.876
3180,3181,3752.966999999993
1931,1932,527.798
4339,3900,2458.197
782,781,459.866
4375,4427,3051.6579999999967
446,376,3399.586999999995
328,327,1155.2700000000007
1002,1000,1145.1400000000008
4014,4013,1199.9360000000008
4036,4035,3367.948999999995
4456,4458,2699.0129999999986
1462,2827,3181.322999999996
1863,589,286.82
2320,948,111.043
4267,4268,1783.764000000002
1138,1137,2533.028999999999
3311,3310,1405.6320000000012
554,3606,733.0700000000002
790,789,414.477
2283,2284,1466.6040000000014
937,935,568.0810000000001
3157,3156,3359.917999999995
2137,2133,595.8400000000001
2078,2077,1504.7490000000014
839,2193,1343.2020000000011
4401,4400,2859.107999999998
2739,2738,1104.4220000000005
2963,1053,915.2690000000005
2227,2228,734.2260000000001
3990,3991,969.7830000000006
2013,2012,2030.7910000000024
589,590,274.548
2974,2973,3067.7719999999963
2088,1606,1299.178000000001
2248,883,841.1740000000004
1871,618,2504.0559999999996
1316,281,3901.7719999999917
838,837,1322.126000000001
1744,1745,833.7580000000003
3661,3660,558.9660000000001
3808,3809,2167.0840000000017
718,719,1506.6130000000014
3482,3483,2134.072000000002
2186,2182,1120.9630000000006
1513,1514,2913.297999999997
3254,3255,2693.8979999999983
2376,2379,1143.2240000000008
1443,381,3853.536999999992
2200,2199,1395.011000000001
385,383,200.653
757,754,836.3050000000003
106,103,467.01599999999996
2213,2161,1066.0050000000003
3616,2865,623.259
2045,2044,1681.622000000002
3542,3541,1568.5370000000019
1444,423,3537.5099999999943
829,2191,1306.524000000001
466,465,319.42300000000006
1808,2991,1228.049000000001
978,977,568.625
4446,4397,2784.143999999998
2806,2804,2803.7449999999976
3146,3147,2952.5489999999977
3419,3418,421.699
2791,2792,1736.176000000002
3372,3373,1955.7130000000022
2497,2498,103.36200000000001
4169,4170,2829.460999999998
1446,1445,3587.485999999994
803,804,1099.1850000000006
1911,1912,1925.0180000000023
2948,2947,695.3490000000002
926,927,4039.347999999991
1579,1580,1692.5850000000019
1703,562,954.4450000000004
1857,1856,719.4640000000002
2039,3522,1552.2330000000018
707,706,1673.870000000002
3823,3822,3586.102999999994
2245,2958,537.306
2843,2842,2636.885999999998
976,2848,518.649
3385,3384,1192.5530000000008
1555,2070,1367.217000000001
3442,3441,649.7860000000001
3686,3687,703.6800000000001
3233,3243,2554.5039999999985
2817,2827,3188.7059999999956
2008,2007,2093.7930000000024
700,699,1818.057000000002
2783,2784,1923.8430000000021
413,414,2263.019000000001
3162,3161,3468.4449999999943
572,571,1227.998000000001
1454,1453,2199.2080000000014
1156,2564,1947.113000000002
1061,2758,2382.3520000000008
1861,631,63.308
1574,3616,634.8320000000001
2889,2009,1971.2510000000025
2138,2137,620.828
882,878,823.8630000000003
1557,1558,346.735
588,587,185.083
4413,4412,2727.519999999998
708,707,1698.858000000002
3538,3537,1468.5810000000017
738,739,1013.3770000000004
237,236,2684.617999999998
4420,4335,2577.591999999999
1012,1047,2437.6580000000004
1236,2590,2339.7080000000005
2006,2005,2030.6770000000026
719,720,1481.6250000000014
2766,2765,3550.458999999994
475,1861,88.29599999999999
4246,4245,1134.4700000000012
3154,933,3284.953999999995
374,373,3340.933999999995
116,117,2499.944
2480,2482,23.633000000000003
1688,1689,677.4060000000002
4399,4446,2809.131999999998
2782,2783,1948.8320000000022
2284,916,1441.6160000000011
1414,1415,1002.5050000000003
2382,2090,1053.9320000000005
4176,4175,3089.7119999999964
2345,2347,576.646
2159,2156,174.969
991,993,805.3780000000004
3815,3816,410.8839999999999
2154,2152,125.1
851,2456,1117.8120000000008
3483,3484,2109.084000000002
1095,1061,2388.1200000000003
3615,3616,636.1490000000001
662,3668,142.062
3152,1703,963.6440000000002
2513,2512,2366.4810000000007
930,931,4059.6639999999907
871,869,698.9230000000002
901,900,228.338
3139,3138,3007.861999999997
473,471,419.375
734,738,1038.3650000000005
920,538,539.9549999999999
1946,949,69.942
2301,2300,3387.204999999995
2830,2832,3196.0949999999957
3177,3178,3827.9309999999923
2714,1391,1949.3230000000026
859,861,1020.3860000000004
2133,2132,570.8520000000001
1690,4018,627.4300000000001
716,717,1556.5890000000018
3533,3532,1362.7550000000012
2772,429,3191.3959999999956
1473,2492,122.70100000000001
2038,3522,1537.2860000000016
3484,3485,2084.0960000000023
2046,2045,1706.610000000002
3629,3627,625.855
3898,3897,2401.282
3787,2505,2469.696
1375,1377,1135.1690000000006
4296,4297,487.14300000000003
1150,1151,2047.0690000000025
1756,3293,994.1730000000005
1303,1304,3574.7239999999942
2754,1459,2329.919000000001
1606,1607,1274.190000000001
2119,1632,475.773
2888,2889,1996.2390000000025
2005,3371,2005.6890000000026
98,1187,112.185
3436,4292,524.846
2296,2295,1467.7450000000015
2089,739,1018.1220000000005
253,1132,2432.0310000000004
2053,2054,1632.188000000002
2620,2619,3579.922999999994
402,401,2048.9850000000024
401,400,2023.9960000000024
492,490,771.2270000000003
570,569,1178.0220000000008
934,2329,518.105
2413,2404,1870.1220000000023
4355,4356,2993.741999999997
2065,2066,1497.7630000000015
1092,1095,2413.108
726,3934,2633.730999999999
931,932,4034.675999999991
3302,1657,1205.728000000001
949,2317,45.989999999999995
3546,3545,1643.5040000000022
2823,2824,3245.6919999999955
2858,2859,1335.935000000001
4167,4168,2879.4369999999976
1139,1140,2395.652
837,836,1297.1380000000013
3674,3675,369.13500000000005
1492,423,3518.270999999994
1381,1382,2391.03
3654,2430,3887.423999999992
1770,1771,1281.0360000000012
1618,381,3859.557999999992
2785,2786,1886.110000000002
4053,4063,2465.3469999999998
1137,1136,2515.974999999999
785,784,289.537
507,509,2331.2880000000005
3668,2320,128.933
3982,3980,905.1710000000003
1684,1685,653.1740000000002
996,994,1045.1880000000006
827,826,1244.109000000001
3953,3952,1084.323000000001
2182,2181,1095.9750000000008
1457,1456,2274.172000000001
3759,3761,1182.3210000000008
1572,2139,649.2550000000001
4268,2035,1758.776000000002
2082,2083,1429.7850000000012
2986,4038,3189.8249999999957
2743,2742,1204.374000000001
414,415,2238.0310000000013
1637,2139,646.287
722,721,1647.1540000000018
3029,3376,1809.797000000002
1632,1631,471.82399999999996
1535,1539,2503.048
2400,2401,1682.110000000002
571,570,1203.010000000001
538,537,539.1960000000001
322,321,1030.3300000000006
1610,1406,1202.0790000000009
2542,2543,2039.6910000000025
1982,1983,2595.2679999999987
178,179,2073.254000000002
126,133,2399.9880000000003
2977,2976,3126.711999999996
1151,1152,2022.0800000000024
198,1301,3624.699999999994
3291,3486,2396.1730000000002
326,325,1105.2940000000003
3901,3900,2464.139
1398,2319,71.785
835,2192,1247.1620000000012
2040,2039,1577.2210000000018
6,1165,979.3230000000003
3127,2957,516.568
3057,3060,425.0229999999999
4166,4167,2904.4249999999975
2459,2461,1067.8360000000007
3242,3233,2564.0009999999984
2752,2753,2176.670000000002
974,972,651.527
2198,2196,1345.0350000000012
2527,2526,2516.849999999999
2493,2439,166.03900000000002
3000,2999,2418.58
3495,3496,2529.8599999999997
3384,3383,1188.3760000000009
2637,3633,707.8990000000001
2236,2277,665.4270000000001
692,691,1942.9940000000022
1910,1909,1938.6110000000024
566,565,1081.5770000000005
295,297,175.97799999999998
3428,3426,551.2540000000001
1292,2596,2224.095000000001
3307,3305,1305.6800000000012
1063,1061,2407.3400000000006
2411,2400,1707.098000000002
2389,2388,884.1180000000004
1235,1234,2626.701999999999
586,584,150.088
222,221,2552.068999999999
2742,2741,1179.3860000000009
3388,3387,1267.517000000001
2299,1468,3337.2289999999953
3383,3382,1163.3880000000008
2325,3682,202.505
3911,3652,3544.3299999999945
4288,4286,452.729
140,157,956.9130000000005
336,2550,2206.9500000000016
408,407,2198.9190000000012
3883,2757,2424.1160000000004
1660,1661,1778.156000000002
699,698,1793.069000000002
2202,2201,1354.6320000000012
1998,1999,2130.4710000000023
1766,1765,1615.1690000000017
218,211,2477.1019999999994
3972,3970,758.0580000000002
2943,4005,1127.4640000000006
2037,2038,1562.2740000000017
2535,2534,1925.026000000002
3677,3678,319.159
753,3072,920.0680000000004
203,202,3724.6519999999928
3529,3528,1823.3000000000022
2170,2180,953.1220000000003
849,2210,1076.4270000000006
2083,2084,1404.7970000000012
2998,4050,2385.039
421,422,2088.1030000000023
3563,3564,696.0360000000001
650,3559,781.0110000000002
459,460,3305.7059999999956
387,385,225.641
3488,1975,2324.0900000000006
4263,3297,1590.1810000000016
400,1461,1999.0070000000023
1113,1112,995.5090000000007
2845,2844,2686.8639999999978
324,322,1055.3180000000004
3504,2055,1604.006000000002
4332,4333,2630.078999999999
1468,1467,3312.2409999999954
1784,1786,276.025
4004,2934,1592.7410000000018
4011,4008,1167.3010000000008
3626,3625,575.8790000000001
262,260,1209.2630000000015
2607,2610,419.2289999999999
3602,3603,1392.922000000001
167,166,342.626
2844,2843,2661.874999999998
3744,3749,382.077
651,650,805.9990000000003
2007,697,2068.8050000000026
3486,3487,2371.184
3678,3679,294.171
3832,3833,3935.882999999991
2768,2767,3600.4349999999936
1807,3314,999.3840000000005
677,2589,2641.0429999999983
201,199,3674.6759999999936
863,864,987.8810000000005
2316,934,534.042
350,349,3202.9849999999956
963,3674,378.50500000000005
144,140,981.9010000000003
3047,3046,543.0699999999999
1933,3423,477.822
238,239,2564.8509999999987
2616,2615,510.8359999999999
892,891,815.0770000000005
2261,869,696.1010000000001
349,348,3177.9969999999958
4370,4427,3050.6619999999966
17,18,1041.0110000000004
4338,4339,2483.185
4244,3952,1084.494000000001
281,298,3876.783999999992
1556,1557,371.723
3775,3776,2686.2659999999983
4005,2936,1117.3250000000005
3078,3077,854.0840000000003
4001,4002,1664.963000000002
2491,2490,98.248
2419,2420,2439.7390000000005
1020,1021,844.8890000000004
2187,823,1158.4700000000007
2188,819,1243.533000000001
2406,2407,1812.657000000002
2546,2547,1989.7130000000025
2498,2490,78.374
695,694,2017.9580000000026
1955,933,3289.6609999999955
3445,3443,699.7620000000002
2407,2408,1787.6690000000021
1650,623,1279.1140000000012
2729,2596,2222.876000000001
2981,4038,3189.8249999999957
1639,1640,3131.980999999996
4038,2978,3164.836999999996
2297,2296,1492.7330000000013
1326,1327,1181.105000000001
1167,2572,304.153
3670,3680,265.76800000000003
1713,3162,3470.7399999999943
2240,3608,500.91499999999996
474,473,444.336
855,857,1070.3620000000003
3196,3184,3543.5659999999943
4228,4227,840.3260000000002
2486,2482,44.480000000000004
4279,3669,302.801
2315,3660,558.9660000000001
264,262,1234.2510000000016
291,290,294.362
3886,3885,2499.08
2317,944,21.002
1429,3190,3414.4059999999945
4395,4394,2712.5309999999986
569,551,1153.0340000000008
3987,3988,1037.3720000000005
3664,3663,633.9300000000001
3777,3779,2619.6299999999987
1149,1150,2072.0580000000023
4172,4171,3017.7959999999966
1029,1857,729.6640000000002
1191,1194,68.494
3320,3319,1024.0030000000004
3949,3948,1041.5400000000006
1452,1451,2149.2320000000022
2580,2146,356.316
534,474,464.23199999999997
1575,1576,131.13
4034,4033,3317.9729999999954
340,337,265.608
1576,475,106.142
3304,3303,1255.704000000001
2548,2550,2212.3650000000016
2163,2162,1083.4320000000005
2789,2790,1786.154000000002
392,393,311.6089999999999
968,2326,421.66999999999996
824,2187,1169.145000000001
3567,4018,618.0070000000001
3805,3806,2258.305000000001
1427,1426,3359.917999999995
4356,4357,2968.753999999997
196,197,930.8650000000005
3789,2532,2554.1469999999986
3735,3734,910.4890000000005
3287,3288,2486.243
3296,3295,1552.6680000000015
233,228,2627.0359999999982
2528,2529,2523.692999999999
3014,3018,2437.6220000000003
972,971,626.539
3613,3615,646.3960000000002
1981,4059,2587.8429999999985
4059,4058,2574.2689999999984
2054,2060,1620.3960000000018
1942,662,162.163
4331,4332,2655.0669999999986
4265,4271,1838.6590000000022
780,779,409.89
1651,443,2104.725000000002
1028,1027,1356.021000000001
2409,2410,1737.693000000002
1485,1486,3676.9339999999934
275,278,1267.954000000001
3875,3874,3908.0979999999918
3255,3256,2668.9089999999983
2962,2963,940.2570000000005
3218,3219,2137.719000000002
2973,2972,3042.7839999999965
4031,4030,3256.9209999999953
197,1060,927.5580000000004
3820,3653,3511.138999999994
2982,2981,3214.8129999999956
290,288,282.296
184,185,2066.9020000000023
3817,3818,360.908
4251,4250,1259.4100000000014
2128,2140,495.88800000000003
3140,3139,3032.8499999999967
2173,2171,1003.0980000000004
3489,3491,2632.996999999999
2146,776,334.926
3771,3772,1061.2140000000004
3290,3291,2411.2760000000003
2225,2226,784.2020000000002
899,2391,1411.921000000001
1778,1777,278.48199999999997
2798,2799,1561.2530000000017
2090,2091,1053.0620000000004
3625,3623,550.891
2827,4371,3163.7179999999958
2748,2746,1304.3260000000012
3501,3500,1945.3540000000023
1438,1439,2095.167000000002
168,167,359.158
4052,4051,2418.58
1749,3287,2501.211
4170,4446,2807.815999999998
2404,2414,1861.701000000002
325,324,1080.3060000000005
3915,3916,3348.778999999995
3993,3992,1769.558000000002
1746,2385,790.3500000000001
3788,2523,2514.627999999999
2073,720,1486.5120000000013
2793,2794,1686.198000000002
1432,1431,3489.3699999999944
3487,3488,2346.1950000000006
2492,2491,101.806
172,173,2155.326000000002
2554,2556,2153.920000000002
2439,137,158.48999999999998
3148,3147,2957.8859999999972
4366,4365,2907.7679999999978
4368,4369,3100.6379999999963
1026,1025,1306.045000000001
4282,4280,352.77700000000004
2590,2591,2314.7200000000007
1293,161,2390.4430000000007
3182,3183,3546.573999999994
2286,2067,1430.9130000000011
4435,4434,3000.474999999997
443,2396,2079.7370000000024
3592,3591,493.094
3220,689,2099.296000000002
4333,4334,2605.090999999999
2031,2032,1623.8940000000018
1646,1645,1252.385000000001
1997,3371,1985.5990000000027
1194,1198,43.506
896,898,1452.7160000000013
4419,4420,2602.579999999999
445,1060,936.2610000000004
3021,3022,2362.6580000000004
1679,2110,782.4380000000001
691,690,1918.0060000000021
3516,3518,1937.1660000000022
3580,3581,419.76
2401,706,1657.122000000002
2273,2271,598.517
3909,3908,2539.102999999999
2954,1685,677.1320000000001
3321,3320,1031.6010000000003
2349,976,526.6700000000001
904,903,278.31399999999996
157,155,951.5660000000005
3895,1459,2326.3180000000007
1304,2618,3549.7359999999944
1603,1604,1572.1900000000019
946,945,49.976
1979,674,2638.591999999998
1615,4004,1617.7290000000019
2313,2312,3959.509999999991
3481,3482,2159.0600000000018
4357,4358,2943.7659999999973
3814,3815,435.87199999999996
2866,2867,573.2830000000001
965,968,438.082
1544,731,2743.9619999999977
1739,1740,687.3220000000001
300,1475,138.292
2543,2546,2014.7020000000025
2307,928,4016.1979999999908
4421,4402,2900.5229999999974
2027,2028,1805.1580000000022
3426,3424,526.2660000000001
2233,3592,518.082
2581,2580,377.61499999999995
905,904,280.50199999999995
768,2394,834.8140000000003
2703,2704,348.76099999999997
4295,4292,513.29
2994,1718,2457.0209999999997
1475,2492,126.794
2976,2975,3101.723999999996
3825,3824,3632.9189999999935
4326,3888,2568.1169999999993
867,868,912.9170000000004
3657,3656,3922.871999999991
4417,4418,2652.5559999999987
2044,2043,1677.173000000002
833,834,1234.302000000001
2515,2514,2416.4570000000003
3545,3544,1618.515000000002
4330,4329,2662.5549999999985
3736,1028,1357.657000000001
2277,2276,640.4390000000001
4313,3295,1539.4040000000016
1470,1471,197.665
3779,3780,2594.6409999999987
3541,3540,1543.5480000000018
2422,2423,2364.7720000000004
4248,4247,1184.4460000000013
731,730,2731.5599999999977
636,639,892.3560000000004
1754,1753,2686.026999999998
4017,4015,1249.912000000001
3588,3589,1028.7600000000007
3121,3123,599.4170000000001
1019,1018,741.249
1450,1449,2099.256000000002
721,3499,1622.1660000000018
3522,3523,1527.2450000000015
3996,3997,1290.6320000000012
4374,4375,3076.6459999999965
4021,4294,563.2660000000001
874,871,723.9110000000003
1390,330,2312.6990000000005
3605,3604,690.3960000000002
267,265,1284.2270000000017
2756,2755,2379.8950000000004
3001,2549,2221.992000000001
1791,1792,158.93800000000002
3502,3503,1629.698000000002
204,203,3736.469999999993
4051,4050,2393.591
3804,3805,2283.293000000001
1941,1942,187.151
383,1403,175.665
3747,3751,388.89699999999993
1486,1487,3651.9459999999935
1022,3559,794.9130000000002
2386,1019,766.2370000000003
893,894,1502.6920000000016
2064,2074,1518.4470000000015
955,954,302.457
346,347,296.019
1580,1581,1667.597000000002
1779,1778,303.4699999999999
432,2601,2326.9200000000005
3780,3782,2569.651999999999
3810,1658,2133.5740000000023
3673,3672,296.279
1515,3944,2863.3219999999974
2001,2002,2079.151000000002
783,782,483.7
2523,3245,2489.638999999999
1514,1515,2888.309999999997
158,159,2423.4910000000004
2067,2068,1406.294000000001
1017,1016,698.212
918,919,1371.517000000001
2029,2030,1958.0150000000026
2560,2561,2028.9750000000024
3897,3896,2376.2940000000003
1656,1655,2229.6650000000013
2343,2345,601.634
1437,1438,2120.155000000002
3520,3521,1862.2020000000023
3515,3516,1962.1540000000025
2034,2035,1751.798000000002
1472,1473,147.689
403,402,2073.974000000002
3137,3147,2957.8859999999972
4240,3990,994.7710000000006
176,177,2123.2300000000023
3294,3152,979.2760000000003
1776,369,228.506
1707,1708,3610.353999999994
3435,3434,676.1940000000002
1678,1783,304.635
138,139,2418.183
4241,4240,1019.7590000000007
1491,1492,3543.258999999994
3560,3562,746.0120000000002
869,3617,673.9350000000002
1118,1120,913.1610000000005
643,642,885.0820000000003
320,2632,980.3540000000003
2787,2788,1836.132000000002
2178,2165,874.3620000000003
688,687,2049.958000000003
2364,2366,1207.9690000000005
3989,3990,987.3960000000004
423,282,3512.521999999994
1954,1955,3314.6489999999953
4173,4172,3042.7839999999965
3312,3311,1430.620000000001
749,748,780.3360000000002
1751,1752,2601.058999999999
2846,3504,1628.994000000002
2000,2008,2103.054000000002
2180,815,945.7010000000002
1076,137,140.185
3666,3667,168.209
1645,1644,1227.3970000000008
183,184,2091.8910000000024
3732,2125,860.5130000000004
1431,1430,3464.3819999999946
177,178,2098.242000000002
2196,2195,1320.0470000000012
2940,2943,1152.4520000000007
3559,3560,771.0000000000002
1294,1293,2415.4310000000005
1466,1465,3281.2749999999955
634,635,942.3320000000003
3165,3164,3370.631999999995
3005,3004,2296.9590000000007
2116,2117,541.3879999999999
3599,3601,1428.3270000000011
2259,2261,721.0890000000002
1114,1113,1020.4970000000005
1652,1651,2129.713000000002
404,403,2098.963000000002
2385,1019,765.3620000000003
3553,3552,1818.4270000000024
3279,3280,1209.145000000001
3429,3428,576.242
2704,392,323.7729999999999
2824,2825,3220.7039999999956
4432,4421,2925.5109999999972
1772,1773,1231.060000000001
2169,806,784.8630000000003
945,944,24.988
2825,2826,3195.715999999996
2023,2022,2071.2030000000027
1032,3512,2038.3800000000024
3456,3455,901.5900000000004
2495,2496,153.338
3500,3380,1920.3660000000023
3025,3024,2408.2330000000006
770,768,859.8020000000004
593,594,199.584
641,649,835.1060000000002
465,905,294.435
812,813,965.9740000000004
3663,3662,608.942
3937,3936,2683.7069999999985
3591,3593,470.711
1124,1125,838.1970000000003
2432,3333,1075.7550000000006
705,2412,1920.0980000000022
33,18,1064.1290000000004
4371,1510,3150.396999999996
672,671,2358.2130000000006
3153,3152,984.5420000000004
1872,1871,2529.0439999999994
1578,1579,1717.573000000002
903,901,253.326
3535,3534,1412.7310000000014
1426,1425,3334.9299999999953
3371,3372,1980.7010000000025
2595,3808,2192.0720000000015
2931,2059,1516.2710000000015
3373,3374,1930.7250000000022
868,2231,909.4390000000005
125,126,2424.9770000000003
559,3316,979.1500000000003
2829,2830,3221.0829999999955
3497,3498,1630.370000000002
3438,3437,574.8220000000001
4405,4404,2882.779999999998
921,920,564.943
2451,1109,2480.717
2418,2419,2464.728
4400,4399,2834.1199999999976
2012,1905,2005.8030000000026
836,835,1272.1500000000012
772,770,884.7900000000004
2087,2088,1304.845000000001
1896,1893,2547.7499999999995
649,1914,826.1830000000002
806,2633,777.8680000000004
1439,1441,2070.1790000000024
640,3077,842.3800000000003
2720,2719,2074.2680000000028
545,544,393.165
44,41,1126.3420000000006
2050,2051,1717.132000000002
1906,1907,1955.8270000000023
3877,3832,3960.870999999991
3519,3520,1887.190000000002
1605,2931,1541.2590000000018
4029,4028,3206.9449999999956
523,522,568.1179999999999
2201,2196,1329.6440000000011
1630,3581,421.84799999999996
565,3321,1056.5890000000004
2009,2890,1950.1210000000021
2841,3790,2586.9079999999985
817,816,970.6890000000003
683,3810,2145.209000000002
2371,2373,1193.2000000000007
818,2628,968.7970000000003
406,405,2148.9410000000016
1308,1309,3765.9549999999927
3827,3828,4042.434999999991
1463,1462,3206.3109999999956
923,922,596.0250000000001
2156,2154,150.088
703,702,1893.0210000000022
4453,4454,2773.976999999998
4063,4052,2440.3579999999997
302,300,163.28
389,3181,3765.069999999993
618,617,2479.0679999999998
3172,1710,3570.691999999994
4041,4039,3295.7349999999956
3691,3690,538.0340000000001
4468,348,3171.033999999996
431,1390,2335.9370000000004
254,253,2436.9650000000006
2060,2061,1595.408000000002
3772,2959,1047.3080000000004
1066,1070,199.448
3449,3447,774.7260000000001
786,785,314.525
2226,2227,759.2140000000002
727,726,2658.7189999999987
1131,1129,2391.4690000000005
1147,1148,2122.036000000002
4189,4190,3588.297999999994
2003,2004,2029.1750000000025
1471,1472,172.677
202,201,3699.663999999993
3593,3590,445.723
4414,4413,2752.507999999998
1184,1187,126.725
883,882,833.1200000000003
1412,1413,1052.4810000000004
306,304,213.256
3079,3078,862.2440000000004
4270,4271,1843.0420000000022
2355,3220,2124.2840000000024
844,845,1449.166000000001
1893,1889,2522.7619999999997
2507,2508,2440.5190000000007
2370,2163,1092.0800000000004
469,468,369.399
3009,1657,1218.2150000000008
3641,3640,3322.385999999995
1649,1650,1304.102000000001
886,885,760.5420000000004
4406,4405,2907.7679999999978
2151,631,75.124
2430,298,3862.435999999992
490,488,746.2390000000003
2274,2273,606.9770000000001
282,1432,3500.482999999994
1546,431,2360.9260000000004
3511,3510,1855.1340000000023
1747,1748,2551.1889999999994
2934,2935,1567.7530000000017
2716,2714,1974.3120000000026
2321,953,145.22299999999998
4334,4335,2580.102999999999
4054,4053,2490.3359999999993
4187,4182,3644.5819999999935
2599,2598,2294.6440000000007
1397,1398,94.741
4297,4298,462.155
2496,2497,128.35
195,196,955.8530000000003
2193,829,1318.214000000001
3322,444,931.8890000000004
2850,2851,468.673
3690,3689,513.0459999999999
1706,1707,3635.3419999999937
3181,1481,3740.081999999993
2589,1982,2620.2569999999987
161,1237,2365.4550000000004
2294,2293,1417.7690000000011
1658,1659,2108.586000000002
4175,3141,3064.7239999999965
2068,2069,1381.306000000001
1422,388,247.525
160,161,2373.5150000000003
2391,2390,1407.633000000001
3782,3784,2544.6629999999996
41,74,1101.3540000000005
2175,2219,1002.4960000000003
2387,2386,791.2250000000001
1129,2512,2366.4810000000007
1848,1849,141.425
648,649,826.2650000000003
1407,1408,1152.4330000000007
1024,1023,1256.069000000001
1881,3014,2462.61
3525,3526,1475.9780000000014
2302,2301,3412.1929999999948
3476,3477,2258.258000000001
1133,2505,2475.52
3479,3481,2184.0480000000016
3179,3180,3777.9549999999927
761,757,861.2930000000003
2011,690,1902.834000000002
3631,3630,684.7110000000002
3328,3327,981.8650000000005
679,680,2245.1610000000014
3513,3514,2003.9350000000024
3143,3144,3027.5129999999967
2108,2107,717.9590000000001
3418,1556,396.711
3683,3343,344.78900000000004
1912,3380,1900.0300000000022
522,521,567.6009999999999
2026,1437,2145.143000000002
1479,2771,3684.122999999993
639,640,867.3680000000004
4466,4467,3221.0099999999957
3689,964,488.058
2758,2759,2357.3640000000005
4003,4004,1614.987000000002
4121,4122,907.9230000000005
4212,1943,119.91799999999999
171,172,2180.3140000000017
4286,4285,427.741
1767,1766,1640.1570000000017
714,2057,1546.0600000000018
2732,191,979.4820000000004
236,235,2677.013999999998
2990,1808,1239.563000000001
787,786,339.513
696,695,2042.9460000000026
4015,4014,1224.924000000001
3992,725,1744.570000000002
1033,1903,2035.6510000000026
3598,3599,1453.3150000000012
207,139,2427.124
2781,3640,3319.5049999999956
1682,1681,807.4260000000002
3289,3290,2436.2650000000003
2402,2403,1896.3960000000022
3770,3771,1082.3690000000006
627,626,24.988
2915,3977,832.2350000000001
4026,4025,2967.819999999997
1846,1847,191.401
3596,3595,520.687
1374,1375,1160.1570000000006
4465,4466,3245.9979999999955
645,1913,896.7400000000005
546,545,400.57800000000003
2147,2504,244.051
1648,1647,1302.361000000001
2721,2720,2099.2570000000023
850,849,1101.4150000000006
1529,1532,2553.0239999999994
304,302,188.26799999999997
1802,1800,264.724
2959,2960,1022.3200000000004
1512,1513,2938.285999999997
1539,1881,2478.06
2958,2240,512.318
3986,3987,1062.3600000000006
3327,3322,956.8770000000004
3818,2602,339.93899999999996
1653,1652,2154.701000000002
3912,3911,3569.3179999999943
2537,2536,1975.0040000000026
1780,1779,328.45799999999997
2774,2773,3241.3719999999953
1545,731,2756.5479999999975
2179,2178,899.3500000000004
3934,1876,2608.742999999999
426,427,3234.3709999999955
2765,282,3525.470999999994
3439,3438,599.81
1745,1746,808.7700000000002
852,853,1003.7770000000005
3904,3903,2539.102999999999
448,4039,3283.1119999999955
642,641,860.0940000000003
1461,2547,1974.0180000000023
815,2179,920.7130000000002
2563,2564,1954.008000000002
360,292,217.734
292,1436,192.746
1369,1371,260.55
841,842,1331.5730000000012
670,3475,2308.235000000001
3297,3296,1565.1930000000016
558,559,1004.1380000000004
3352,2323,252.481
1109,3026,2455.728
3680,3681,240.78
3156,3155,3334.9299999999953
2035,2050,1742.120000000002
2148,784,289.537
1760,3153,1005.5520000000004
1849,1943,116.437
3809,3810,2142.096000000002
1030,1029,754.6520000000005
3584,1326,1206.093000000001
3902,3901,2489.1269999999995
1904,1905,1985.6750000000025
422,1448,2064.9770000000026
3907,3906,2489.1269999999995
3586,3587,1078.7360000000006
2764,3895,2328.5000000000005
2164,2632,980.3540000000003
3617,3618,648.9970000000001
2109,746,744.0600000000002
1043,1044,2555.7759999999994
2621,2620,3604.9109999999937
3774,3775,2711.2549999999983
953,2322,127.858
3168,3162,3493.432999999994
3811,1204,452.753
2022,2004,2046.2150000000026
3834,1442,3903.5129999999917
1371,1776,235.562
2562,2563,1978.9970000000023
293,295,200.96599999999998
1940,1941,212.139
2776,2775,3291.3479999999954
3256,3489,2657.9859999999985
2818,2817,3213.6939999999954
1816,1815,1079.3680000000006
3188,3189,3421.7029999999945
3024,3023,2383.245000000001
2278,4037,3414.7069999999944
3812,3813,461.32499999999993
2394,2395,809.8260000000005
1548,1547,2410.904
2533,3511,1875.0480000000023
2222,2223,834.1780000000003
1015,1014,1153.8840000000007
3595,3594,495.699
2529,2523,2499.269999999999
1938,1939,262.115
2084,2085,1379.809000000001
1456,1455,2249.184000000001
2801,2802,1486.2860000000014
3160,3191,3441.7669999999944
429,348,3166.407999999996
1983,1747,2570.278999999999
2622,2621,3629.8989999999935
1661,3992,1753.168000000002
1986,1987,2541.5769999999993
2828,2829,3246.0709999999954
3884,3883,2449.1040000000003
2932,2933,1235.938000000001
846,847,1399.190000000001
1561,1560,361.5849999999999
3528,3527,1798.3120000000022
3494,3495,2554.8489999999993
2633,2635,757.8750000000002
3833,3834,3910.8949999999913
3896,3895,2351.3060000000005
2561,2562,2003.9860000000024
1010,448,3290.4559999999956
4430,4429,3108.5239999999962
2048,2047,1756.586000000002
4403,4170,2832.803999999998
3454,3453,874.6780000000003
1994,1995,2598.2029999999986
1995,1043,2573.213999999999
2526,2524,2491.8609999999994
117,123,2474.955
891,890,797.2860000000003
779,778,384.902
3977,3975,830.2070000000001
2117,2118,516.4
2984,2983,3264.788999999995
518,1761,492.637
3876,3875,3933.085999999991
4252,4253,1257.7010000000012
1464,1463,3231.2989999999954
4013,4011,1192.289000000001
367,369,215.489
2505,1109,2464.3140000000003
2300,2299,3362.216999999995
3746,3747,395.102
562,644,929.4570000000003
1900,1896,2572.737999999999
898,899,1427.7280000000012
2631,2630,946.8090000000002
1136,1134,2490.9859999999994
578,3302,1217.245000000001
2821,3154,3285.6119999999955
746,2108,719.0720000000001
3980,3979,880.1830000000002
3944,3943,2850.7439999999974
2323,2325,227.493
2454,2452,2530.6949999999997
3872,391,3833.1339999999923
2161,2160,1041.0170000000005
1806,1804,308.86699999999996
676,677,2666.0319999999983
2735,2734,1029.4580000000005
1562,1561,386.573
1552,1553,1442.1810000000012
3075,3076,820.1160000000002
715,714,1571.0480000000018
1430,1429,3439.393999999995
2424,2425,2314.794000000001
4358,4366,2925.3079999999973
3163,3918,3320.6559999999954
1110,1900,2585.774999999999
309,3589,1038.6450000000007
2199,2198,1370.0230000000013
3149,3148,2982.873999999997
3526,1552,1467.1690000000015
3184,3195,3518.577999999994
3821,3820,3536.1269999999945
2855,2856,1410.899000000001
2208,2206,1074.6300000000003
410,409,2248.897000000001
590,592,249.56
2489,2486,69.468
2290,2289,1302.031000000001
3754,3747,413.885
4372,4373,3126.621999999996
1789,1790,208.914
573,574,1224.561000000001
2403,2404,1871.4080000000022
4253,578,1232.713000000001
3081,3080,912.2200000000005
1142,431,2345.7120000000004
2728,2725,2199.213000000002
3946,3945,991.5640000000005
1289,1292,2249.084000000001
224,222,2577.0579999999986
1031,1030,772.5970000000004
2780,2781,3344.492999999995
2788,2789,1811.143000000002
732,3313,1024.5280000000005
4328,4327,2618.092999999999
2319,2318,49.976
369,1066,204.834
3245,2994,2482.0099999999993
2851,2853,443.685
1676,1678,329.62299999999993
2028,698,1780.1700000000021
25,28,989.1650000000004
1306,1308,3790.9429999999925
587,586,175.076
2281,2280,3489.6709999999944
3764,3768,1132.3450000000005
3318,3317,974.0270000000003
2518,2515,2440.7560000000003
1380,1381,2416.019
1619,1620,672.2230000000002
3651,3650,3491.2619999999943
228,224,2602.0469999999987
789,788,389.489
1889,1886,2497.774
3658,3657,3947.859999999991
2285,916,1446.4810000000014
3164,3163,3345.6439999999952
1232,2455,2576.7239999999993
373,447,3315.9459999999954
4044,4043,3370.698999999995
4285,4283,402.753
2734,2732,1004.4700000000005
166,162,317.6379999999999
1558,1559,321.747
1742,923,612.358
993,1031,792.9300000000003
3587,3588,1053.7480000000005
3523,3524,1502.2570000000014
3018,3020,2412.6340000000005
2950,2949,745.3250000000003
697,696,2043.8170000000025
494,492,796.2150000000004
419,420,2138.079000000002
2431,2432,1100.7430000000006
3660,4292,533.978
2867,2869,548.295
774,775,874.1890000000005
2799,2800,1536.2640000000017
1758,1757,1097.2840000000006
4354,4355,3018.729999999997
3071,484,691.3870000000002
2010,2011,1927.8220000000022
1554,1555,1392.205000000001
4283,4282,377.76500000000004
169,170,2230.291000000001
802,803,1124.1730000000007
804,805,1074.1970000000006
3556,3555,1893.3940000000025
1469,1470,222.653
4364,4363,2857.791999999998
925,3659,3976.580999999991
480,479,163.26
2270,888,794.0730000000003
311,309,1063.6330000000005
1202,2581,392.052
1070,1075,174.46
1011,1012,2462.646
2427,1806,333.855
796,798,1224.125000000001
2596,2550,2219.677000000001
3159,3158,3409.893999999995
2725,2723,2174.224000000002
1120,1122,888.1730000000005
584,582,125.1
186,1143,1911.0880000000022
791,790,437.97299999999996
2790,2791,1761.165000000002
594,2159,196.969
1996,1997,2010.5870000000025
2063,2064,1520.4440000000016
2463,1126,834.9610000000005
93,1191,93.482
2130,2128,520.876
3906,3900,2464.139
1025,1024,1281.0570000000012
146,144,1006.8890000000004
2778,2779,3394.4689999999946
4177,4176,3114.699999999996
3650,3649,3466.2739999999944
471,469,394.387
3292,561,963.2650000000003
2192,834,1236.7120000000011
2416,2417,2521.872
2490,2489,73.26
3583,3582,865.5350000000003
917,918,1396.505000000001
2494,2495,178.326
2564,2565,1942.808000000002
1592,2090,1063.4360000000004
425,426,3259.3589999999954
2807,2806,2828.7329999999974
2869,2872,523.3069999999999
689,688,2074.946000000002
1935,1937,1141.6120000000008
3431,3429,601.23
3644,3643,3397.349999999995
977,976,543.637
1008,2368,1167.0440000000006
2618,3652,3529.946999999994
2184,2183,1145.9510000000007
3503,3504,1604.7100000000019
3527,2048,1773.3240000000021
3496,3287,2504.8709999999996
3551,3550,1768.4490000000023
2303,926,4049.952999999991
2971,4026,2992.807999999997
884,2268,710.5660000000003
3751,3749,382.73
2252,2254,796.0530000000003
1045,1046,2498.935
3303,3302,1230.716000000001
3477,3478,2233.2700000000013
2059,2283,1491.5920000000015
2243,3617,668.7610000000002
2961,3317,972.3440000000003
2232,863,994.9730000000006
1612,1613,1335.013000000001
1972,3478,2234.0240000000017
4002,4003,1639.975000000002
123,125,2449.9660000000003
155,3456,926.5780000000004
3166,3165,3395.619999999995
1309,204,3740.966999999993
3329,3318,999.0150000000003
828,827,1266.761000000001
211,207,2452.1129999999994
1809,1808,1253.037000000001
3552,3551,1793.4380000000024
1582,1583,1617.621000000002
948,947,86.055
633,632,1004.8390000000004
3917,3918,3298.8029999999953
2204,2203,1405.636000000001
2421,2422,2389.761000000001
4243,4242,1069.7350000000008
3023,3802,2358.2570000000005
4043,4042,3345.7109999999952
3390,3389,1317.493000000001
2996,1134,2480.9549999999995
3562,3563,721.0240000000001
2414,2415,1836.713000000002
890,889,772.2980000000005
1797,1076,165.17299999999997
2751,2752,2201.6580000000017
888,886,783.6510000000003
1296,1295,2465.407
540,539,318.20099999999996
3597,3596,545.675
3186,3187,3471.678999999994
2795,2796,1636.2200000000018
2086,2087,1329.833000000001
3665,3664,645.373
535,534,489.21999999999997
929,2306,4079.5929999999903
4429,4428,3083.5359999999964
2282,2281,3514.658999999994
447,448,3290.9579999999955
412,413,2288.008000000001
405,404,2123.952000000002
2395,1031,784.8380000000004
2219,862,1001.5190000000005
3061,3063,375.0469999999999
1532,1535,2528.0359999999996
4064,4063,2465.3469999999998
501,498,846.1910000000005
3351,3352,270.66700000000003
2405,2406,1837.645000000002
3888,3887,2543.1289999999995
1489,1490,3593.2349999999938
1761,534,489.21999999999997
2362,1857,728.1780000000003
932,2307,4029.528999999991
861,862,995.3980000000004
1993,1988,2642.7859999999982
4289,4288,477.717
3377,3376,1828.132000000002
191,1077,954.4940000000004
894,896,1477.7040000000013
2420,2421,2414.7500000000005
3076,1680,809.5120000000002
2223,2225,809.1900000000003
3918,2822,3295.6679999999956
3749,2427,357.74199999999996
582,580,100.112
3885,3884,2474.092
3066,1783,325.0709999999999
2247,2248,866.1620000000005
807,806,802.8560000000002
1401,1400,146.749
2521,2520,2499.6819999999993
2417,1046,2496.883
1903,1904,2010.6630000000025
3333,3332,1069.9600000000005
952,951,120.954
3313,3314,999.5400000000004
1790,1791,183.92600000000002
574,577,1199.573000000001
1777,1776,253.494
3813,3814,460.8599999999999
3603,2197,1381.0560000000012
2203,848,1393.194000000001
1549,1548,2435.8929999999996
1851,3119,649.393
2079,2078,1529.7370000000014
2574,1469,247.641
647,648,851.2530000000004
1864,594,208.328
1391,3557,1924.3340000000026
3607,3755,463.06899999999996
704,703,1918.0090000000023
3022,3802,2337.6700000000005
3632,3633,708.1750000000002
3755,3754,438.87299999999993
823,2186,1133.4820000000007
4428,4427,3058.5479999999966
1719,1718,2460.0059999999994
2499,2490,98.248
775,3582,849.2010000000005
2423,2424,2339.783000000001
221,220,2527.079999999999
2983,2982,3239.8009999999954
1144,1146,2172.0140000000015
631,630,50.135999999999996
3077,3076,829.0960000000002
239,1138,2539.8619999999987
462,2984,3269.4309999999955
4024,4023,2925.707999999997
2629,2630,942.3850000000002
1768,1767,1665.1450000000016
3144,3145,3002.524999999997
4032,4031,3267.9969999999953
3051,3053,499.98699999999997
351,350,3227.9729999999954
3379,3378,1878.1080000000022
286,388,232.32
258,257,1159.2870000000012
3656,3654,3912.4119999999916
2588,2589,2643.8829999999984
747,746,744.0600000000002
2951,4021,588.2540000000001
1378,855,1085.1930000000004
4058,4056,2565.3029999999985
3167,3191,3419.1839999999947
3002,3001,2246.981000000001
1415,1417,977.5170000000003
2142,2140,495.88800000000003
3776,2585,2661.2769999999987
1034,3485,2079.4310000000023
485,484,696.2630000000001
776,2148,309.938
348,1510,3153.008999999996
409,408,2223.9080000000013
2593,2594,2239.7560000000017
3004,3002,2271.9700000000007
4023,4022,2900.719999999997
319,318,827.7690000000002
3278,3279,1234.133000000001
2195,843,1308.7590000000012
580,631,75.124
4250,4249,1234.4220000000016
4394,4330,2687.5429999999988
66,70,1113.3220000000006
1657,577,1202.103000000001
2522,2523,2505.7399999999993
620,2547,1998.8100000000024
3138,3137,2982.873999999997
1394,1392,1959.1000000000024
1781,1780,353.4459999999999
1389,1390,2316.0630000000006
1655,1654,2204.6770000000015
1937,3381,1116.6240000000005
1483,1485,3701.921999999993
4434,4433,2975.4869999999974
1705,1706,3660.3299999999936
2872,2876,498.31899999999996
3621,3608,500.91499999999996
1750,4059,2599.2579999999984
4367,4368,3125.625999999996
711,710,1773.822000000002
1403,1401,171.737
4292,4296,512.131
4191,3652,3538.321999999994
2820,2819,3263.6699999999955
3389,3388,1292.505000000001
539,589,293.213
1764,1763,999.6660000000004
847,848,1374.2020000000011
3219,3220,2112.731000000002
630,627,49.976
3581,3744,396.8599999999999
4190,4191,3563.309999999994
2160,1764,1024.6540000000005
1984,1985,2588.1589999999987
2610,2613,394.241
170,171,2205.3020000000015
4362,4361,3025.259999999997
1372,329,1175.3890000000006
2289,2288,1277.043000000001
479,477,138.272
544,542,368.177
2036,2037,1587.2620000000018
551,552,1128.0460000000007
4397,4396,2762.5069999999982
997,996,1070.1760000000006
2635,2637,732.8870000000002
1884,2518,2465.744
2861,2863,1260.9710000000011
644,645,905.9560000000004
4123,4124,857.9470000000003
713,2033,1801.7740000000022
3387,3386,1242.529000000001
3609,2237,690.9290000000001
3381,1591,1113.4120000000005
3802,3803,2333.2690000000007
376,375,3390.909999999995
4065,4064,2490.3359999999993
2308,929,4104.58099999999
2701,2702,398.73699999999997
2746,2745,1279.338000000001
2271,2235,573.529
179,174,2048.2660000000024
2878,2879,2477.8119999999994
2237,2236,690.4150000000002
1712,1713,3495.727999999994
2132,2130,545.864
2504,2503,219.063
2214,2213,1090.9930000000004
928,2304,3991.209999999991
2383,1016,698.212
1914,650,801.1950000000002
724,723,1697.130000000002
1753,2586,2661.0379999999986
3807,2595,2208.3290000000015
1510,4439,3132.424999999996
3453,3451,849.6900000000003
1305,1306,3815.9309999999923
754,4126,811.3170000000005
2398,2399,1743.0930000000021
1541,1543,2583.0879999999993
1411,1412,1077.4690000000005
2992,2938,1178.0730000000008
1482,1483,3726.909999999993
468,466,344.411
4178,4177,3139.687999999996
2613,168,369.25299999999993
2779,2780,3369.4809999999948
831,833,1259.290000000001
3952,3951,1069.8640000000007
2396,1032,2058.8510000000024
1763,1762,996.5650000000005
4278,4277,267.002
2268,1852,687.7540000000001
3295,893,1527.6800000000014
181,182,2141.869000000002
4455,4456,2724.000999999998
1382,1383,2366.041
2055,2056,1579.0180000000018
1680,1679,807.4260000000002
2052,2053,1657.176000000002
2750,2751,2226.6460000000015
1773,1774,1206.072000000001
187,186,1936.0760000000023
2228,3605,709.238
999,997,1095.1640000000007
278,276,1261.196000000001
3939,3938,2728.7809999999977
845,846,1424.178000000001
1631,1630,446.8359999999999
567,566,1106.5650000000005
1413,1414,1027.4930000000004
2792,2793,1711.187000000002
3344,3343,364.427
686,685,1999.9820000000027
1634,3292,988.2530000000004
3806,3807,2233.3170000000014
2630,1324,921.8210000000004
2556,2557,2128.931000000002
2366,1008,1182.9810000000007
185,175,2041.9130000000025
2071,2067,1431.282000000001
1741,1742,637.346
3053,3054,474.9989999999999
2314,2313,3972.378999999991
1453,1452,2174.220000000002
1720,1719,2484.9949999999994
2363,2364,1232.9570000000006
1799,1798,215.149
1762,2170,971.5770000000002
3155,3154,3309.9419999999955
3768,3770,1107.3570000000004
622,623,1288.243000000001
1395,1394,1984.0890000000024
4019,4020,588.8720000000001
7,6,1004.3110000000004
3073,3074,870.0920000000003
2047,2046,1731.598000000002
912,913,3339.742999999995
866,867,937.9050000000004
3424,3423,501.278
3887,3886,2524.0679999999998
1924,1923,1303.375000000001
1644,1406,1202.4090000000008
2999,4050,2393.591
1480,1479,3709.110999999993
343,340,290.596
3564,3565,671.048
4365,4364,2882.779999999998
1718,2997,2435.017
2605,2607,444.217
3422,3421,471.675
2615,3813,485.84799999999996
935,934,543.0930000000001
2842,2841,2611.896999999998
3547,3546,1668.4930000000022
3190,1428,3389.4179999999947
825,824,1194.133000000001
1922,1921,1253.399000000001
1616,1615,1642.717000000002
2552,2554,2178.9090000000015
2591,2592,2289.732000000001
3253,3252,2486.9119999999994
4337,4338,2508.173
1856,1853,712.7420000000002
189,188,1986.0520000000026
4188,4189,3613.2859999999937
1999,2000,2105.483000000002
2602,162,314.951
28,1164,964.1770000000004
4438,4437,3089.3619999999964
2508,2509,2415.5310000000004
1465,1464,3256.2869999999953
4185,4186,3694.557999999993
1018,1017,723.2
4415,4414,2777.495999999998
2176,2178,891.6160000000002
979,978,576.5629999999999
2392,2393,761.3410000000003
3485,1448,2070.7150000000024
561,562,938.2770000000005
950,949,70.978
3054,3057,450.01099999999997
2152,2151,100.112
848,2202,1368.2060000000013
652,651,830.9870000000003
939,937,593.069
3378,3377,1853.1200000000022
564,621,1328.445000000001
3006,3005,2321.9480000000003
1132,1131,2407.0430000000006
3675,3677,344.14700000000005
1909,3375,1913.623000000002
1435,641,851.2220000000002
3441,3439,624.798
1000,999,1120.1520000000007
1488,1489,3618.2229999999936
2761,2760,2281.5730000000012
3653,3651,3500.777999999994
3643,3642,3372.361999999995
4402,4401,2884.0959999999977
199,198,3649.6879999999937
3630,3618,659.7230000000002
1786,1788,258.89
927,928,4014.359999999991
2738,2736,1079.4340000000004
1459,1458,2304.931000000001
2757,2756,2404.8830000000003
2254,2256,771.0650000000003
3123,3125,574.4290000000001
3374,3375,1905.7370000000021
1126,993,809.9730000000004
857,859,1045.3740000000005
1324,1323,909.8030000000003
542,540,343.189
3072,3073,895.0800000000004
3940,3939,2753.7689999999975
488,485,721.2510000000002
2995,2996,2505.9439999999995
2802,2075,1461.2970000000014
3942,3941,2803.7449999999976
3585,3586,1103.7240000000006
1234,1232,2601.712999999999
1876,1875,2604.007999999999
822,823,1155.8960000000009
814,2176,916.6040000000003
4458,4417,2677.5439999999985
190,189,2011.0400000000025
900,588,203.35
3997,3998,1265.6440000000011
3240,3241,2613.978999999998
1327,569,1156.1170000000009
1518,1110,2610.762999999999
821,822,1180.884000000001
682,683,2170.197000000002
4020,4021,563.884
723,722,1672.142000000002
2058,2059,1496.0840000000014
3308,3307,1330.668000000001
4179,4180,3690.043999999993
3908,3907,2514.1149999999993
2520,1134,2474.6929999999993
3437,3436,549.8340000000001
1708,3172,3585.365999999994
1975,1974,2320.1250000000005
308,306,232.80399999999997
4327,4326,2593.104999999999
3874,3873,3883.109999999992
2267,889,772.2980000000005
800,802,1149.1610000000007
3531,2748,1312.7790000000011
3451,3450,824.7020000000002
4274,662,167.05
3007,3006,2346.9370000000004
4030,4029,3231.9329999999954
2062,2063,1545.4320000000018
3926,3151,3051.7479999999964
3491,3492,2608.007999999999
2216,2214,1115.9810000000004
483,480,185.176
331,332,2281.917000000001
1203,1202,417.03999999999996
1383,1389,2341.0520000000006
2291,2290,1327.019000000001
2230,2229,884.1540000000005
3345,3344,389.41499999999996
4249,4248,1209.4340000000016
1490,1491,3568.246999999994
1046,2418,2489.7169999999996
2077,2075,1479.7610000000013
174,175,2040.5590000000027
1295,1294,2440.4190000000003
2572,2573,282.632
1148,1149,2097.0470000000023
854,1117,963.1370000000006
4361,4360,3000.271999999997
268,267,1292.4430000000016
3784,3785,2519.6739999999995
3434,3433,651.2060000000001
805,311,1070.9130000000007
1640,1641,3106.9929999999963
3145,3146,2977.5369999999975
420,421,2113.091000000002
3080,3079,887.2320000000004
2938,2940,1177.4400000000007
2075,2082,1454.7730000000015
3667,3668,143.221
1873,1872,2554.0319999999992
3060,3061,400.03499999999997
3639,2302,3416.2979999999948
4396,4395,2737.5189999999984
4050,3007,2368.602
1445,1444,3562.497999999994
2191,828,1281.5360000000012
1143,2533,1886.0990000000022
2857,2858,1360.9230000000011
2328,3674,371.694
2425,3475,2289.8050000000007
3681,3682,215.792
255,3953,1109.311000000001
3828,3830,4017.446999999991
1683,1684,678.162
820,821,1205.872000000001
687,686,2024.9700000000028
1783,1784,301.0129999999999
1654,1653,2179.6890000000017
2410,2411,1712.705000000002
4125,4126,807.9710000000005
2534,2533,1900.0370000000023
3916,3917,3323.790999999995
1943,1946,94.92999999999999
2118,2119,491.4119999999999
1607,1609,1249.202000000001
1641,1642,3082.0049999999965
750,752,964.4790000000003
3433,3431,626.2180000000001
24,25,1014.1530000000005
1992,1991,2606.5979999999986
842,843,1306.5850000000012
1436,2493,190.124
1642,3926,3057.0169999999966
2876,2140,473.331
4181,4182,3640.067999999994
511,512,2256.3240000000014
4369,4370,3075.6499999999965
1164,197,943.3290000000004
1449,2396,2074.2680000000023
4264,4265,1863.6470000000022
2501,2500,148.224
1301,1303,3599.711999999994
3589,852,1013.6570000000006
3565,3566,667.9830000000002
1168,1167,311.507
3758,3759,1207.3090000000009
2502,2501,173.212
4213,4212,144.906
435,432,2342.4210000000003
3803,3804,2308.281000000001
819,820,1230.860000000001
4329,4328,2643.0809999999988
1379,1380,2441.008
2212,1113,1001.4630000000006
2295,2294,1442.7570000000012
826,825,1219.121000000001
2786,2787,1861.121000000002
635,636,917.3440000000005
4037,911,3389.7189999999946
3618,3629,634.7350000000001
2482,2481,19.492
813,814,940.9860000000003
2070,1404,1354.4710000000011
3610,3611,696.3720000000001
748,747,769.0480000000002
3537,3536,1462.7080000000017
337,308,240.62
1543,1044,2558.0989999999993
2304,3659,3981.152999999991
4373,4374,3101.6339999999964
2803,3939,2753.7689999999975
3199,3198,3618.529999999994
1755,3237,2707.2129999999975
1404,1405,1329.483000000001
889,2269,747.3100000000002
3309,3308,1355.6560000000013
799,800,1174.1490000000008
919,2292,1367.793000000001
951,950,95.966
3235,3233,2579.4929999999986
1800,1799,240.137
2532,3788,2529.157999999999
64,66,1138.3100000000009
2326,2328,396.68199999999996
3913,3912,3594.305999999994
1647,1646,1277.373000000001
101,1202,417.03999999999996
2276,2274,631.9649999999999
2241,2243,693.7490000000003
2987,2986,3214.8129999999956
4028,4027,3181.956999999996
1547,1546,2385.915
1775,569,1156.096000000001
1060,3456,911.2730000000004
3903,3902,2514.1149999999993
390,389,3790.0579999999927
3330,3329,1024.0030000000004
885,884,735.5540000000003
8,7,1029.2990000000004
625,626,24.988
3873,3872,3858.121999999992
3446,3445,724.7500000000002
2279,2278,3439.6949999999947
4436,4469,3039.385999999997
484,1637,671.2750000000001
3824,3823,3611.090999999994
3151,3150,3032.8499999999967
1769,1770,1306.024000000001
4266,4267,1808.752000000002
4056,4055,2540.313999999999
3642,3641,3347.373999999995
623,2990,1264.551000000001
4412,4458,2702.5319999999983
2763,2761,2306.5610000000006
2628,2629,967.3730000000003
1771,1772,1256.0480000000011
3536,3535,1437.7190000000014
798,799,1199.1370000000009
2166,2167,834.8390000000004
3150,3149,3007.861999999997
1409,1411,1102.4570000000006
1604,1605,1547.2020000000018
720,2072,1461.5240000000015
427,428,3209.3829999999953
964,965,463.07
2860,2861,1285.9590000000012
710,709,1748.834000000002
1710,1711,3545.7039999999943
2565,2566,1917.819000000002
3914,3915,3373.766999999995
2586,1235,2636.0489999999986
3998,2932,1260.926000000001
1425,3154,3309.9419999999955
4227,1746,815.3380000000002
1711,1712,3520.715999999994
2717,2716,1999.301000000003
2072,2071,1456.2700000000013
739,3153,993.1340000000005
288,286,257.308
4027,1639,3156.968999999996
2582,2581,400.474
2530,2529,2524.258999999999
2559,2560,2053.964000000002
133,1237,2374.9990000000003
1853,1852,687.7540000000001
3423,3422,476.29
2092,3313,1003.0860000000005
4433,4432,2950.4989999999975
2032,2036,1598.9060000000018
592,593,224.572
461,1518,2632.8009999999986
2033,2034,1776.786000000002
2933,4014,1210.950000000001
415,416,2213.0430000000015
1989,1990,2596.2749999999987
1815,3321,1056.5890000000004
2952,2951,613.2420000000002
3293,3292,969.1850000000004
3319,3318,999.0150000000003
3020,3021,2387.6460000000006
182,183,2116.880000000002
1027,1026,1331.033000000001
1323,2165,884.8150000000003
2452,2451,2505.7059999999997
3197,3196,3568.553999999994
2231,2230,888.4900000000005
1905,1906,1980.8150000000026
3074,3075,845.1040000000003
3790,3233,2561.9189999999985
332,335,2256.9280000000012
3343,3342,339.439
1673,1676,354.611
1152,1153,1997.0910000000024
1447,1446,3612.473999999994
2329,3689,493.11699999999996
3785,3787,2494.685
56,64,1163.298000000001
2057,2058,1521.0720000000015
3171,3172,3574.747999999994
877,876,773.8870000000004
2399,2411,1718.105000000002
2185,2184,1170.9390000000008
2794,2795,1661.2090000000019
3189,3190,3396.7149999999947
2412,2413,1895.1100000000022
1442,1443,3878.524999999992
3970,3606,733.0700000000002
2935,1605,1542.7650000000017
2832,4371,3171.106999999996
2796,2797,1611.2310000000018
2749,2750,2251.6340000000014
2549,1144,2197.0030000000015
1204,1203,442.02799999999996
3251,3000,2436.9339999999997
2865,2866,598.271
3195,3194,3516.730999999994
3945,3991,966.5760000000005
810,807,827.8440000000003
1560,392,336.597
411,410,2273.886000000001
2322,948,102.87
3627,3626,600.867
2415,713,1811.7250000000022
2947,3665,670.3610000000001
4025,4024,2950.695999999997
1990,1985,2571.285999999999
3672,3670,290.75600000000003
2393,1029,736.3530000000003
2234,2233,536.809
394,1369,285.538
3510,2027,1830.1460000000022
681,682,2195.1850000000018
878,877,798.8750000000005
2356,2355,2149.272000000002
2004,2888,2021.2270000000026
2547,2782,1973.8210000000024
2519,2520,2479.6239999999993
3238,3239,2663.956999999998
553,805,1078.0700000000006
1047,1063,2428.2000000000003
2853,3418,418.697
4360,4359,2975.2839999999974
3544,3542,1593.5260000000019
113,114,2549.9219999999996
3200,2769,3631.9139999999934
4359,4358,2950.2959999999975
235,233,2652.0249999999983
2197,839,1356.0680000000011
693,692,1967.9820000000025
52,44,1151.3300000000008
3604,3435,677.3430000000001
1455,1454,2224.1960000000013
2822,2823,3270.6799999999953
1685,2953,652.144
2972,2971,3017.7959999999966
2091,2092,1028.0740000000005
4467,4468,3196.021999999996
3239,3240,2638.967999999998
2347,2349,551.6580000000001
1932,1933,502.81
730,728,2708.694999999998
2298,2297,1517.7210000000014
1613,1614,1310.025000000001
646,647,876.2410000000004
2975,3926,3076.7359999999962
2085,2086,1354.821000000001
942,939,618.057
1451,1450,2124.2440000000024
2989,2988,3264.788999999995
2171,2170,978.1100000000004
1237,1236,2355.0890000000004
1117,1118,938.1490000000006
577,2185,1191.489000000001
552,553,1103.0580000000007
3623,3621,525.9029999999999
3734,3732,885.5010000000004
537,535,514.208
2229,2222,859.1660000000004
1681,2110,782.4380000000001
3421,3419,446.687
3514,2029,1983.0030000000024
1559,465,296.75899999999996
673,672,2383.2020000000007
794,796,1249.113000000001
3342,3673,321.267
671,670,2333.2240000000006
220,218,2502.0909999999994
4126,2392,786.3290000000004
3679,3670,269.183
675,674,2662.809999999998
1788,1789,233.902
2558,2559,2078.9530000000022
2536,2535,1950.0150000000021
1467,1466,3306.2629999999954
709,708,1723.846000000002
1115,1114,1032.3210000000006
617,2518,2465.744
717,718,1531.6010000000015
621,622,1313.2310000000011
2953,2952,638.23
1804,1802,289.712
3935,3934,2633.730999999999
4269,4270,1868.0300000000022
2056,714,1554.0300000000018
2632,2631,955.3660000000002
4273,3527,1782.623000000002
4454,4455,2748.9889999999978
272,275,1292.3930000000012
114,116,2524.9329999999995
1487,3200,3643.1089999999936
509,510,2306.3000000000006
2509,2510,2390.5430000000006
2167,2169,809.8510000000003
2598,2597,2269.6550000000007
915,1009,3290.3279999999954
3532,3531,1337.7670000000012
18,24,1039.1410000000005
2736,2735,1054.4460000000006
2125,768,835.5250000000003
922,921,589.931
957,956,394.765
4290,4289,502.7049999999999
4035,4034,3342.9609999999952
2210,2211,1051.4390000000005
3125,3126,549.441
2767,2766,3575.4469999999937
913,915,3314.7549999999956
916,917,1421.493000000001
260,258,1184.2750000000012
4039,352,3270.7469999999953
1009,4039,3278.3009999999954
3243,3244,2529.514999999999
792,794,1274.101000000001
680,681,2220.1730000000016
1987,1045,2516.5879999999997
816,815,945.7010000000002
4427,4469,3033.5599999999968
4404,4403,2857.791999999998
407,406,2173.9300000000017
2384,2383,723.2
3147,4358,2932.8979999999974
3450,3449,799.7140000000002
2408,2409,1762.681000000002
3608,3607,475.927
653,652,854.3010000000004
632,3317,983.7450000000003
1686,3079,887.2320000000004
3594,3593,470.711
4242,4241,1044.7470000000008
4171,4026,2992.807999999997
4008,4005,1142.3130000000008
2960,2961,997.3320000000003
3194,3193,3491.742999999994
853,854,978.7890000000007
712,711,1798.810000000002
276,578,1236.208000000001
1458,1457,2299.1600000000008
4033,4032,3292.9849999999956
3534,3533,1387.7430000000013
1377,1378,1110.1810000000005
1953,1954,3339.636999999995
4439,4438,3114.3499999999963
3994,3993,1794.546000000002
3046,3592,518.082
2978,2977,3151.6999999999957
1023,3584,1231.081000000001
3305,3304,1280.6920000000011
3684,3683,369.77700000000004
1980,1981,2612.831999999998
1075,1076,149.472
3685,3684,394.765
777,776,334.926
1396,1397,119.729
3682,3666,193.197
843,2194,1283.771000000001
2211,2212,1026.4510000000005
788,787,364.501
3991,3984,948.1250000000005
2800,2801,1511.2750000000015
4186,4187,3669.5699999999933
3601,2200,1416.0480000000011
335,336,2231.939000000001
2139,2138,624.267
4061,4062,2482.0279999999993
352,351,3252.9609999999952
2368,2369,1142.0560000000005
1392,2566,1934.1110000000022
477,475,113.28399999999999
3521,3510,1837.2140000000022
4247,4246,1159.4580000000012
4022,3944,2875.7319999999972
2769,2768,3625.4229999999934
2514,2513,2391.4690000000005
3316,634,967.3200000000004
3512,3513,2028.9230000000025
1053,1433,901.1980000000003
1702,2504,223.499
1044,2416,2546.8609999999994
678,679,2270.1490000000013
512,1656,2231.5970000000016
1939,1940,237.127
2002,2003,2054.1630000000023
3938,3937,2708.694999999998
4122,4123,882.9350000000004
2541,2542,2064.6800000000026
3314,3316,990.9510000000005
3975,3974,808.0340000000001
1481,1480,3734.098999999993
4335,4336,2558.1489999999994
3582,2463,840.5470000000003
2854,2855,1435.887000000001
1952,1953,3364.624999999995
521,519,542.613
2080,2081,1525.9500000000014
150,152,1030.6620000000005
2503,2502,198.2
1614,3998,1285.0370000000012
2848,2850,493.661
2719,2718,2049.2790000000027
3640,2776,3297.3979999999956
1553,1554,1417.1930000000011
3652,3653,3519.341999999994
3557,3556,1901.1010000000024
3192,3191,3441.7669999999944
3900,3883,2439.1510000000003
2024,2025,2183.3470000000016
1985,1986,2566.565999999999
139,1139,2402.1349999999998
959,963,403.493
933,2828,3271.058999999995
1134,1379,2465.997
3048,3047,568.058
3382,3381,1138.4000000000008
1609,1610,1227.067000000001
519,518,517.625
2015,2014,2080.7670000000026
1428,1427,3384.905999999995
2042,2041,1627.197000000002
694,693,1992.9700000000025
1581,1582,1642.609000000002
347,1938,287.103
3178,3179,3802.9429999999925
2957,2119,500.76099999999997
321,320,1005.3420000000003
1399,1398,96.773
2312,2311,3934.5219999999913
706,2031,1648.8820000000019
3539,3538,1493.5700000000018
2804,2803,2778.756999999998
1077,445,942.2380000000005
3119,3121,624.405
3830,3831,3992.458999999991
381,3872,3845.6629999999923
2310,1618,3884.545999999992
690,4269,1893.0180000000023
4124,4125,832.9590000000003
2718,2717,2024.290000000003
3659,3658,3956.1649999999913
2190,824,1194.133000000001
2293,919,1392.781000000001
1659,1034,2083.5980000000022
2540,2539,2049.9710000000023
3237,1977,2688.569999999998
3280,3385,1203.423000000001
3761,3764,1157.3330000000008
4042,4041,3320.7229999999954
2775,2774,3266.359999999995
3943,3942,2828.7329999999974
4180,4181,3665.055999999993
2436,1436,202.06
2879,3251,2452.8229999999994
74,33,1076.3660000000004
1406,1407,1177.4210000000007
1165,1164,954.3350000000003
1875,1873,2579.019999999999
2256,2259,746.0770000000002
3332,3330,1048.9910000000004
2041,2040,1602.2090000000019
2030,705,1933.0270000000023
2306,926,4064.3359999999907
3376,1660,1803.144000000002
4271,4272,1832.5990000000022
279,3302,1224.053000000001
1441,1032,2045.1910000000025
2014,2013,2055.7790000000023
3948,3946,1016.5520000000006
3822,3821,3561.1149999999943
2550,2552,2203.8980000000015
3633,3609,698.277
725,724,1722.118000000002
1146,1147,2147.025000000002
2741,2740,1154.3980000000008
3816,3817,385.89599999999996
391,390,3815.045999999992
1583,2036,1592.6330000000019
393,394,286.621
1051,1047,2453.188
4276,4275,217.026
971,979,601.5509999999999
3649,3639,3441.2859999999946
3252,3251,2461.923
4431,4430,3133.511999999996
3493,3494,2579.8379999999993
2512,3802,2341.493000000001
1318,1316,3926.7599999999916
1793,1794,308.414
2797,2798,1586.2420000000018
3028,3029,1834.7850000000021
2619,2618,3554.934999999994
1297,1786,267.662
70,74,1088.3340000000005
4174,3141,3062.222999999997
2025,2026,2158.359000000002
1974,678,2295.1370000000006
3941,3940,2778.756999999998
3979,3977,855.1950000000002
3317,2962,965.2450000000003
911,912,3364.7309999999948
388,387,229.679
701,700,1843.0450000000021
3191,3159,3416.7789999999945
297,300,150.98999999999998
3380,3379,1895.3780000000022
265,264,1259.2390000000016
1923,1922,1278.387000000001
702,701,1868.0330000000022
4182,4188,3638.2739999999935
153,140,980.6860000000004
2877,2878,2502.800999999999
3669,3670,277.813
3984,3982,930.1590000000003
4168,4169,2854.448999999998
173,176,2130.338000000002
3936,3935,2658.7189999999987
2456,2459,1092.8240000000008
137,1184,133.502
4294,4295,538.278
4437,4436,3064.3739999999966
1112,854,970.5210000000006
3555,3554,1868.4050000000025
1007,1002,1170.1280000000008
1973,1972,2259.0120000000015
2280,2279,3464.6829999999945
3499,1603,1597.178000000002
3026,3025,2433.2210000000005
2538,2537,1999.9930000000024
4272,4273,1807.6110000000022
943,942,643.0450000000001
2722,2721,2124.2460000000024
2723,2722,2149.2350000000024
3773,3237,2695.6629999999977
3831,3877,3967.4709999999914
2390,3736,1382.645000000001
862,2628,979.5890000000004
2162,2161,1066.0050000000003
784,2147,264.549
1400,1399,121.761
1016,3688,673.2240000000002
2755,2754,2354.9070000000006
954,3352,277.469
3899,3898,2426.2700000000004
811,812,990.9620000000004
2753,2026,2151.682000000002
2597,2596,2244.666000000001
3549,3548,1718.4710000000023
2455,2454,2555.6839999999993
3244,3245,2504.525999999999
2269,884,735.5540000000003
4277,4276,242.014
162,1297,292.65
1620,3665,647.2350000000001
2311,2310,3909.533999999992
510,511,2281.312000000001
2510,2512,2365.5550000000003
2165,2166,859.8270000000002
2745,2744,1254.350000000001
2740,2739,1129.4100000000005
3386,3385,1217.5410000000008
313,2633,782.8630000000003
2183,2182,1120.9630000000006
2760,512,2256.5850000000014
4055,4054,2515.324999999999
2043,2042,1652.185000000002
4275,4274,192.038
440,330,2331.8950000000004
778,777,359.914
2819,2818,3238.6819999999957
1089,1092,2438.0960000000005
2601,2599,2319.6330000000003
3518,3519,1912.1780000000022
3540,3539,1518.5590000000018
1187,1189,104.514
1021,1022,819.9010000000003
876,874,748.8990000000003
3550,3549,1743.4600000000023
1908,2402,1921.384000000002
2051,2045,1692.144000000002
3478,3479,2209.036000000002
1757,3772,1072.2960000000005
781,780,434.878
3126,3127,524.453
3063,3066,350.05899999999997
947,946,74.964
3310,3309,1380.6440000000014
3662,3661,583.954
2066,3526,1472.7750000000015
2573,2574,257.644
2524,1550,2466.872
458,459,3330.693999999995
2759,3895,2332.3760000000007
3590,2582,425.462
1153,1156,1972.1020000000024
2539,2538,2024.9820000000025
1417,3322,952.5290000000005
1977,1979,2663.580999999998
1752,1747,2576.0699999999993
1433,1435,876.2100000000003
2061,2062,1570.420000000002
2309,2308,4114.146999999991
3611,3613,671.3840000000002
3974,3972,783.0460000000003
3554,3553,1843.4160000000024
2744,2743,1229.362000000001
2784,2785,1898.854000000002
2235,2234,561.797
3185,3186,3496.666999999994
2890,1908,1925.133000000002
1189,1191,79.526
444,1053,906.9010000000003
1847,1848,166.413
2585,2586,2642.9239999999986
1689,1690,652.4180000000001
1405,2088,1304.495000000001
2081,3525,1500.9620000000014
1794,1802,283.42600000000004
2937,2938,1187.424000000001
329,328,1168.5660000000005
4469,4435,3014.397999999997
2379,1013,1118.2360000000006
2381,2382,1078.9200000000005
1408,1409,1127.4450000000006
1198,1201,18.518
2566,2785,1909.1220000000021
1125,1126,813.2090000000003
2991,2992,1203.0610000000008
2557,2558,2103.942000000002
416,417,2188.0550000000017
1748,1749,2526.2
3187,3188,3446.6909999999943
3183,3184,3521.585999999994
2770,3200,3656.901999999993
112,113,2574.910999999999
3375,4264,1888.6350000000023
4183,4185,3719.545999999993
2592,2593,2264.744000000001
3492,3493,2604.826999999999
3687,3688,678.692
4062,4063,2457.0389999999998
2318,944,24.988
1591,1592,1088.4240000000004
3455,3454,899.6660000000004
2859,2860,1310.947000000001
159,160,2398.5030000000006
2373,2376,1168.2120000000007
1886,1881,2472.786
2771,2770,3681.889999999993
2702,2703,373.749
685,684,1974.9940000000026
