NodeID,PathIDs,TotalCost
505,505.0 292.0 421.0 89.0 476.0 136.0 108.0 257.0 99.0 96.0 97.0 98.0 100.0 286.0 283.0,946.5623035469795
6,6.0 27.0 41.0 399.0 69.0 404.0 71.0 132.0 74.0 63.0 12.0 504.0 291.0 292.0 421.0 89.0 476.0 136.0 108.0 257.0 99.0 96.0 97.0 98.0 100.0 286.0 283.0,1568.690462318719
193,193.0 401.0 397.0 400.0 396.0 407.0 403.0 398.0 399.0 69.0 404.0 71.0 132.0 74.0 63.0 12.0 504.0 291.0 292.0 421.0 89.0 476.0 136.0 108.0 257.0 99.0 96.0 97.0 98.0 100.0 286.0 283.0,1712.5205692143675
36,36.0 135.0 89.0 476.0 136.0 108.0 257.0 99.0 96.0 97.0 98.0 100.0 286.0 283.0,1018.3939121064094
321,321.0 243.0 319.0 339.0 338.0 340.0 337.0 316.0 318.0 342.0 343.0 333.0 341.0 312.0 329.0 388.0 389.0 387.0 130.0 385.0 126.0 120.0 93.0 94.0 112.0 109.0 97.0 98.0 100.0 286.0 283.0,1542.5995184317808
77,77.0 76.0 122.0 391.0 130.0 385.0 126.0 120.0 93.0 94.0 112.0 109.0 97.0 98.0 100.0 286.0 283.0,1117.0538379692298
391,391.0 130.0 385.0 126.0 120.0 93.0 94.0 112.0 109.0 97.0 98.0 100.0 286.0 283.0,931.2233937024572
221,221.0 220.0 351.0 352.0 353.0 342.0 343.0 333.0 341.0 312.0 329.0 388.0 389.0 387.0 130.0 385.0 126.0 120.0 93.0 94.0 112.0 109.0 97.0 98.0 100.0 286.0 283.0,1370.4769609056348
52,52.0 67.0 43.0 472.0 22.0 141.0 468.0 36.0 135.0 89.0 476.0 136.0 108.0 257.0 99.0 96.0 97.0 98.0 100.0 286.0 283.0,1349.7020904190824
400,400.0 396.0 407.0 403.0 398.0 399.0 69.0 404.0 71.0 132.0 74.0 63.0 12.0 504.0 291.0 292.0 421.0 89.0 476.0 136.0 108.0 257.0 99.0 96.0 97.0 98.0 100.0 286.0 283.0,1550.7229159383235
375,375.0 367.0 372.0 379.0 377.0 378.0 105.0 104.0 108.0 257.0 99.0 96.0 97.0 98.0 100.0 286.0 283.0,749.2289301786967
496,496.0 498.0 91.0 330.0 329.0 388.0 389.0 387.0 130.0 385.0 126.0 120.0 93.0 94.0 112.0 109.0 97.0 98.0 100.0 286.0 283.0,1343.8711142077007
409,409.0 285.0 284.0,330.11353680379347
183,183.0 162.0 185.0 176.0 182.0 179.0 149.0 148.0 147.0 131.0 224.0 223.0 482.0 390.0 483.0 124.0 231.0 360.0 125.0 123.0 475.0 474.0 136.0 108.0 257.0 99.0 96.0 97.0 98.0 100.0 286.0 283.0,1673.395461169503
135,135.0 89.0 476.0 136.0 108.0 257.0 99.0 96.0 97.0 98.0 100.0 286.0 283.0,830.6573684425117
327,327.0 326.0 328.0 311.0 81.0 312.0 329.0 388.0 389.0 387.0 130.0 385.0 126.0 120.0 93.0 94.0 112.0 109.0 97.0 98.0 100.0 286.0 283.0,1297.8141295035434
145,145.0 216.0 222.0 254.0 219.0 353.0 342.0 343.0 333.0 341.0 312.0 329.0 388.0 389.0 387.0 130.0 385.0 126.0 120.0 93.0 94.0 112.0 109.0 97.0 98.0 100.0 286.0 283.0,1421.4872918207382
90,90.0 505.0 292.0 421.0 89.0 476.0 136.0 108.0 257.0 99.0 96.0 97.0 98.0 100.0 286.0 283.0,958.2264879496341
67,67.0 43.0 472.0 22.0 141.0 468.0 36.0 135.0 89.0 476.0 136.0 108.0 257.0 99.0 96.0 97.0 98.0 100.0 286.0 283.0,1302.2254253373121
179,179.0 149.0 148.0 147.0 131.0 224.0 223.0 482.0 390.0 483.0 124.0 231.0 360.0 125.0 123.0 475.0 474.0 136.0 108.0 257.0 99.0 96.0 97.0 98.0 100.0 286.0 283.0,1457.0610325352263
449,449.0 450.0 191.0 193.0 401.0 397.0 400.0 396.0 407.0 403.0 398.0 399.0 69.0 404.0 71.0 132.0 74.0 63.0 12.0 504.0 291.0 292.0 421.0 89.0 476.0 136.0 108.0 257.0 99.0 96.0 97.0 98.0 100.0 286.0 283.0,1818.1005024349486
207,207.0 156.0 194.0 16.0 23.0 9.0 157.0 25.0 11.0 40.0 66.0 18.0 19.0 47.0 4.0 152.0 159.0 41.0 399.0 69.0 404.0 71.0 132.0 74.0 63.0 12.0 504.0 291.0 292.0 421.0 89.0 476.0 136.0 108.0 257.0 99.0 96.0 97.0 98.0 100.0 286.0 283.0,2075.7892416920636
46,46.0 13.0 137.0 56.0 1.0 18.0 19.0 47.0 4.0 152.0 159.0 41.0 399.0 69.0 404.0 71.0 132.0 74.0 63.0 12.0 504.0 291.0 292.0 421.0 89.0 476.0 136.0 108.0 257.0 99.0 96.0 97.0 98.0 100.0 286.0 283.0,1892.2420267094294
29,29.0 38.0 24.0 46.0 13.0 137.0 56.0 1.0 18.0 19.0 47.0 4.0 152.0 159.0 41.0 399.0 69.0 404.0 71.0 132.0 74.0 63.0 12.0 504.0 291.0 292.0 421.0 89.0 476.0 136.0 108.0 257.0 99.0 96.0 97.0 98.0 100.0 286.0 283.0,1986.621902735176
245,245.0 244.0 247.0 248.0 249.0 335.0 337.0 316.0 318.0 342.0 343.0 333.0 341.0 312.0 329.0 388.0 389.0 387.0 130.0 385.0 126.0 120.0 93.0 94.0 112.0 109.0 97.0 98.0 100.0 286.0 283.0,1596.9468931239924
104,104.0 108.0 257.0 99.0 96.0 97.0 98.0 100.0 286.0 283.0,548.1358994918318
346,346.0 347.0 358.0 356.0 147.0 131.0 224.0 223.0 482.0 390.0 483.0 124.0 231.0 360.0 125.0 123.0 475.0 474.0 136.0 108.0 257.0 99.0 96.0 97.0 98.0 100.0 286.0 283.0,1302.400000964521
514,514.0 116.0 115.0 119.0 408.0 302.0 303.0 306.0,1047.3891622088408
33,33.0 15.0 55.0 77.0 76.0 122.0 391.0 130.0 385.0 126.0 120.0 93.0 94.0 112.0 109.0 97.0 98.0 100.0 286.0 283.0,1280.0348613725882
359,359.0 380.0 383.0 488.0 487.0 506.0 93.0 94.0 112.0 109.0 97.0 98.0 100.0 286.0 283.0,770.0643653937276
437,437.0 436.0 433.0 434.0 429.0 430.0 431.0 167.0 393.0 427.0 73.0 171.0 214.0 208.0 420.0 145.0 216.0 222.0 254.0 219.0 353.0 342.0 343.0 333.0 341.0 312.0 329.0 388.0 389.0 387.0 130.0 385.0 126.0 120.0 93.0 94.0 112.0 109.0 97.0 98.0 100.0 286.0 283.0,2775.891794525615
117,117.0 102.0 101.0 110.0 98.0 100.0 286.0 283.0,510.12254839237494
406,406.0 402.0 69.0 404.0 71.0 132.0 74.0 63.0 12.0 504.0 291.0 292.0 421.0 89.0 476.0 136.0 108.0 257.0 99.0 96.0 97.0 98.0 100.0 286.0 283.0,1368.6535446243158
268,268.0 428.0 267.0 290.0 266.0 259.0 431.0 167.0 393.0 427.0 73.0 171.0 214.0 208.0 420.0 145.0 216.0 222.0 254.0 219.0 353.0 342.0 343.0 333.0 341.0 312.0 329.0 388.0 389.0 387.0 130.0 385.0 126.0 120.0 93.0 94.0 112.0 109.0 97.0 98.0 100.0 286.0 283.0,3504.496817591421
500,500.0 502.0 503.0 489.0 490.0 124.0 231.0 360.0 125.0 123.0 475.0 474.0 136.0 108.0 257.0 99.0 96.0 97.0 98.0 100.0 286.0 283.0,968.6428503384328
448,448.0 158.0 139.0 19.0 47.0 4.0 152.0 159.0 41.0 399.0 69.0 404.0 71.0 132.0 74.0 63.0 12.0 504.0 291.0 292.0 421.0 89.0 476.0 136.0 108.0 257.0 99.0 96.0 97.0 98.0 100.0 286.0 283.0,1683.2165580192584
197,197.0 205.0 202.0 192.0 199.0 201.0 392.0 395.0 193.0 401.0 397.0 400.0 396.0 407.0 403.0 398.0 399.0 69.0 404.0 71.0 132.0 74.0 63.0 12.0 504.0 291.0 292.0 421.0 89.0 476.0 136.0 108.0 257.0 99.0 96.0 97.0 98.0 100.0 286.0 283.0,2013.9474326481904
88,88.0 289.0 271.0 439.0 270.0 276.0 269.0 268.0 428.0 267.0 290.0 266.0 259.0 431.0 167.0 393.0 427.0 73.0 171.0 214.0 208.0 420.0 145.0 216.0 222.0 254.0 219.0 353.0 342.0 343.0 333.0 341.0 312.0 329.0 388.0 389.0 387.0 130.0 385.0 126.0 120.0 93.0 94.0 112.0 109.0 97.0 98.0 100.0 286.0 283.0,4139.328347672838
76,76.0 122.0 391.0 130.0 385.0 126.0 120.0 93.0 94.0 112.0 109.0 97.0 98.0 100.0 286.0 283.0,973.261620356842
447,447.0 25.0 11.0 40.0 66.0 18.0 19.0 47.0 4.0 152.0 159.0 41.0 399.0 69.0 404.0 71.0 132.0 74.0 63.0 12.0 504.0 291.0 292.0 421.0 89.0 476.0 136.0 108.0 257.0 99.0 96.0 97.0 98.0 100.0 286.0 283.0,1793.0944025661902
89,89.0 476.0 136.0 108.0 257.0 99.0 96.0 97.0 98.0 100.0 286.0 283.0,813.5212126538373
35,35.0 447.0 25.0 11.0 40.0 66.0 18.0 19.0 47.0 4.0 152.0 159.0 41.0 399.0 69.0 404.0 71.0 132.0 74.0 63.0 12.0 504.0 291.0 292.0 421.0 89.0 476.0 136.0 108.0 257.0 99.0 96.0 97.0 98.0 100.0 286.0 283.0,1833.510704164936
201,201.0 392.0 395.0 193.0 401.0 397.0 400.0 396.0 407.0 403.0 398.0 399.0 69.0 404.0 71.0 132.0 74.0 63.0 12.0 504.0 291.0 292.0 421.0 89.0 476.0 136.0 108.0 257.0 99.0 96.0 97.0 98.0 100.0 286.0 283.0,1839.164823177998
355,355.0 352.0 353.0 342.0 343.0 333.0 341.0 312.0 329.0 388.0 389.0 387.0 130.0 385.0 126.0 120.0 93.0 94.0 112.0 109.0 97.0 98.0 100.0 286.0 283.0,1273.6630642201883
233,233.0 490.0 124.0 231.0 360.0 125.0 123.0 475.0 474.0 136.0 108.0 257.0 99.0 96.0 97.0 98.0 100.0 286.0 283.0,920.4361287646044
293,293.0 136.0 108.0 257.0 99.0 96.0 97.0 98.0 100.0 286.0 283.0,802.6095113574619
244,244.0 247.0 248.0 249.0 335.0 337.0 316.0 318.0 342.0 343.0 333.0 341.0 312.0 329.0 388.0 389.0 387.0 130.0 385.0 126.0 120.0 93.0 94.0 112.0 109.0 97.0 98.0 100.0 286.0 283.0,1558.8428582137838
328,328.0 311.0 81.0 312.0 329.0 388.0 389.0 387.0 130.0 385.0 126.0 120.0 93.0 94.0 112.0 109.0 97.0 98.0 100.0 286.0 283.0,1230.3847752333593
147,147.0 131.0 224.0 223.0 482.0 390.0 483.0 124.0 231.0 360.0 125.0 123.0 475.0 474.0 136.0 108.0 257.0 99.0 96.0 97.0 98.0 100.0 286.0 283.0,1212.0440615102143
333,333.0 341.0 312.0 329.0 388.0 389.0 387.0 130.0 385.0 126.0 120.0 93.0 94.0 112.0 109.0 97.0 98.0 100.0 286.0 283.0,1214.5894202635607
499,499.0 501.0 503.0 489.0 490.0 124.0 231.0 360.0 125.0 123.0 475.0 474.0 136.0 108.0 257.0 99.0 96.0 97.0 98.0 100.0 286.0 283.0,973.9044353522862
405,405.0 404.0 71.0 132.0 74.0 63.0 12.0 504.0 291.0 292.0 421.0 89.0 476.0 136.0 108.0 257.0 99.0 96.0 97.0 98.0 100.0 286.0 283.0,1245.408148607784
5,5.0 106.0 293.0 136.0 108.0 257.0 99.0 96.0 97.0 98.0 100.0 286.0 283.0,997.5873304015905
44,44.0 59.0 8.0 34.0 22.0 141.0 468.0 36.0 135.0 89.0 476.0 136.0 108.0 257.0 99.0 96.0 97.0 98.0 100.0 286.0 283.0,1311.991529517332
422,422.0 284.0,54.246021920622255
329,329.0 388.0 389.0 387.0 130.0 385.0 126.0 120.0 93.0 94.0 112.0 109.0 97.0 98.0 100.0 286.0 283.0,1075.0490907060441
337,337.0 316.0 318.0 342.0 343.0 333.0 341.0 312.0 329.0 388.0 389.0 387.0 130.0 385.0 126.0 120.0 93.0 94.0 112.0 109.0 97.0 98.0 100.0 286.0 283.0,1406.021375150868
174,174.0 185.0 176.0 182.0 179.0 149.0 148.0 147.0 131.0 224.0 223.0 482.0 390.0 483.0 124.0 231.0 360.0 125.0 123.0 475.0 474.0 136.0 108.0 257.0 99.0 96.0 97.0 98.0 100.0 286.0 283.0,1624.619426854862
371,371.0 366.0 375.0 367.0 372.0 379.0 377.0 378.0 105.0 104.0 108.0 257.0 99.0 96.0 97.0 98.0 100.0 286.0 283.0,765.218890491869
40,40.0 66.0 18.0 19.0 47.0 4.0 152.0 159.0 41.0 399.0 69.0 404.0 71.0 132.0 74.0 63.0 12.0 504.0 291.0 292.0 421.0 89.0 476.0 136.0 108.0 257.0 99.0 96.0 97.0 98.0 100.0 286.0 283.0,1662.4555418221782
91,91.0 330.0 329.0 388.0 389.0 387.0 130.0 385.0 126.0 120.0 93.0 94.0 112.0 109.0 97.0 98.0 100.0 286.0 283.0,1231.351951989325
180,180.0 150.0 406.0 402.0 69.0 404.0 71.0 132.0 74.0 63.0 12.0 504.0 291.0 292.0 421.0 89.0 476.0 136.0 108.0 257.0 99.0 96.0 97.0 98.0 100.0 286.0 283.0,1475.8596178477455
217,217.0 211.0 216.0 222.0 254.0 219.0 353.0 342.0 343.0 333.0 341.0 312.0 329.0 388.0 389.0 387.0 130.0 385.0 126.0 120.0 93.0 94.0 112.0 109.0 97.0 98.0 100.0 286.0 283.0,1690.4481727835007
509,509.0 114.0 511.0 510.0 299.0 515.0 115.0 119.0 408.0 302.0 303.0 306.0,1544.4936361940702
48,48.0 64.0 156.0 194.0 16.0 23.0 9.0 157.0 25.0 11.0 40.0 66.0 18.0 19.0 47.0 4.0 152.0 159.0 41.0 399.0 69.0 404.0 71.0 132.0 74.0 63.0 12.0 504.0 291.0 292.0 421.0 89.0 476.0 136.0 108.0 257.0 99.0 96.0 97.0 98.0 100.0 286.0 283.0,2088.9345612645047
65,65.0 17.0 46.0 13.0 137.0 56.0 1.0 18.0 19.0 47.0 4.0 152.0 159.0 41.0 399.0 69.0 404.0 71.0 132.0 74.0 63.0 12.0 504.0 291.0 292.0 421.0 89.0 476.0 136.0 108.0 257.0 99.0 96.0 97.0 98.0 100.0 286.0 283.0,1954.1564265705313
60,60.0 35.0 447.0 25.0 11.0 40.0 66.0 18.0 19.0 47.0 4.0 152.0 159.0 41.0 399.0 69.0 404.0 71.0 132.0 74.0 63.0 12.0 504.0 291.0 292.0 421.0 89.0 476.0 136.0 108.0 257.0 99.0 96.0 97.0 98.0 100.0 286.0 283.0,1865.6639121466173
159,159.0 41.0 399.0 69.0 404.0 71.0 132.0 74.0 63.0 12.0 504.0 291.0 292.0 421.0 89.0 476.0 136.0 108.0 257.0 99.0 96.0 97.0 98.0 100.0 286.0 283.0,1397.520440680223
191,191.0 193.0 401.0 397.0 400.0 396.0 407.0 403.0 398.0 399.0 69.0 404.0 71.0 132.0 74.0 63.0 12.0 504.0 291.0 292.0 421.0 89.0 476.0 136.0 108.0 257.0 99.0 96.0 97.0 98.0 100.0 286.0 283.0,1772.4056440675631
171,171.0 214.0 208.0 420.0 145.0 216.0 222.0 254.0 219.0 353.0 342.0 343.0 333.0 341.0 312.0 329.0 388.0 389.0 387.0 130.0 385.0 126.0 120.0 93.0 94.0 112.0 109.0 97.0 98.0 100.0 286.0 283.0,1920.1566047895967
106,106.0 293.0 136.0 108.0 257.0 99.0 96.0 97.0 98.0 100.0 286.0 283.0,819.344795449456
80,80.0 58.0 122.0 391.0 130.0 385.0 126.0 120.0 93.0 94.0 112.0 109.0 97.0 98.0 100.0 286.0 283.0,1282.2145901003948
438,438.0 439.0 270.0 276.0 269.0 268.0 428.0 267.0 290.0 266.0 259.0 431.0 167.0 393.0 427.0 73.0 171.0 214.0 208.0 420.0 145.0 216.0 222.0 254.0 219.0 353.0 342.0 343.0 333.0 341.0 312.0 329.0 388.0 389.0 387.0 130.0 385.0 126.0 120.0 93.0 94.0 112.0 109.0 97.0 98.0 100.0 286.0 283.0,3872.908779042223
513,513.0 115.0 119.0 408.0 302.0 303.0 306.0,1035.109820517875
189,189.0 9.0 157.0 25.0 11.0 40.0 66.0 18.0 19.0 47.0 4.0 152.0 159.0 41.0 399.0 69.0 404.0 71.0 132.0 74.0 63.0 12.0 504.0 291.0 292.0 421.0 89.0 476.0 136.0 108.0 257.0 99.0 96.0 97.0 98.0 100.0 286.0 283.0,1870.8156605120844
157,157.0 25.0 11.0 40.0 66.0 18.0 19.0 47.0 4.0 152.0 159.0 41.0 399.0 69.0 404.0 71.0 132.0 74.0 63.0 12.0 504.0 291.0 292.0 421.0 89.0 476.0 136.0 108.0 257.0 99.0 96.0 97.0 98.0 100.0 286.0 283.0,1752.7520925383083
515,515.0 115.0 119.0 408.0 302.0 303.0 306.0,1034.631733395961
439,439.0 270.0 276.0 269.0 268.0 428.0 267.0 290.0 266.0 259.0 431.0 167.0 393.0 427.0 73.0 171.0 214.0 208.0 420.0 145.0 216.0 222.0 254.0 219.0 353.0 342.0 343.0 333.0 341.0 312.0 329.0 388.0 389.0 387.0 130.0 385.0 126.0 120.0 93.0 94.0 112.0 109.0 97.0 98.0 100.0 286.0 283.0,3704.0652494351775
326,326.0 328.0 311.0 81.0 312.0 329.0 388.0 389.0 387.0 130.0 385.0 126.0 120.0 93.0 94.0 112.0 109.0 97.0 98.0 100.0 286.0 283.0,1248.431419015058
185,185.0 176.0 182.0 179.0 149.0 148.0 147.0 131.0 224.0 223.0 482.0 390.0 483.0 124.0 231.0 360.0 125.0 123.0 475.0 474.0 136.0 108.0 257.0 99.0 96.0 97.0 98.0 100.0 286.0 283.0,1566.5847169124054
320,320.0 338.0 340.0 337.0 316.0 318.0 342.0 343.0 333.0 341.0 312.0 329.0 388.0 389.0 387.0 130.0 385.0 126.0 120.0 93.0 94.0 112.0 109.0 97.0 98.0 100.0 286.0 283.0,1499.7673050599415
154,154.0 200.0 153.0 201.0 392.0 395.0 193.0 401.0 397.0 400.0 396.0 407.0 403.0 398.0 399.0 69.0 404.0 71.0 132.0 74.0 63.0 12.0 504.0 291.0 292.0 421.0 89.0 476.0 136.0 108.0 257.0 99.0 96.0 97.0 98.0 100.0 286.0 283.0,2035.3749729323338
259,259.0 431.0 167.0 393.0 427.0 73.0 171.0 214.0 208.0 420.0 145.0 216.0 222.0 254.0 219.0 353.0 342.0 343.0 333.0 341.0 312.0 329.0 388.0 389.0 387.0 130.0 385.0 126.0 120.0 93.0 94.0 112.0 109.0 97.0 98.0 100.0 286.0 283.0,2525.8947302626316
477,477.0 128.0 362.0 125.0 123.0 475.0 474.0 136.0 108.0 257.0 99.0 96.0 97.0 98.0 100.0 286.0 283.0,791.5711734772825
55,55.0 77.0 76.0 122.0 391.0 130.0 385.0 126.0 120.0 93.0 94.0 112.0 109.0 97.0 98.0 100.0 286.0 283.0,1141.1700073342843
270,270.0 276.0 269.0 268.0 428.0 267.0 290.0 266.0 259.0 431.0 167.0 393.0 427.0 73.0 171.0 214.0 208.0 420.0 145.0 216.0 222.0 254.0 219.0 353.0 342.0 343.0 333.0 341.0 312.0 329.0 388.0 389.0 387.0 130.0 385.0 126.0 120.0 93.0 94.0 112.0 109.0 97.0 98.0 100.0 286.0 283.0,3654.7441864412544
53,53.0 36.0 135.0 89.0 476.0 136.0 108.0 257.0 99.0 96.0 97.0 98.0 100.0 286.0 283.0,1036.8879240240199
103,103.0 111.0 108.0 257.0 99.0 96.0 97.0 98.0 100.0 286.0 283.0,555.3319273825017
487,487.0 506.0 93.0 94.0 112.0 109.0 97.0 98.0 100.0 286.0 283.0,721.4829897904903
382,382.0 381.0 383.0 488.0 487.0 506.0 93.0 94.0 112.0 109.0 97.0 98.0 100.0 286.0 283.0,778.996665761871
79,79.0 91.0 330.0 329.0 388.0 389.0 387.0 130.0 385.0 126.0 120.0 93.0 94.0 112.0 109.0 97.0 98.0 100.0 286.0 283.0,1246.8367220090047
396,396.0 407.0 403.0 398.0 399.0 69.0 404.0 71.0 132.0 74.0 63.0 12.0 504.0 291.0 292.0 421.0 89.0 476.0 136.0 108.0 257.0 99.0 96.0 97.0 98.0 100.0 286.0 283.0,1430.435312748511
381,381.0 383.0 488.0 487.0 506.0 93.0 94.0 112.0 109.0 97.0 98.0 100.0 286.0 283.0,772.3066058637597
484,484.0 483.0 124.0 231.0 360.0 125.0 123.0 475.0 474.0 136.0 108.0 257.0 99.0 96.0 97.0 98.0 100.0 286.0 283.0,1002.6669450658372
301,301.0 305.0,1163.4812471463563
451,451.0 190.0 450.0 191.0 193.0 401.0 397.0 400.0 396.0 407.0 403.0 398.0 399.0 69.0 404.0 71.0 132.0 74.0 63.0 12.0 504.0 291.0 292.0 421.0 89.0 476.0 136.0 108.0 257.0 99.0 96.0 97.0 98.0 100.0 286.0 283.0,1835.139514740723
410,410.0 146.0 330.0 329.0 388.0 389.0 387.0 130.0 385.0 126.0 120.0 93.0 94.0 112.0 109.0 97.0 98.0 100.0 286.0 283.0,1725.8182551728266
156,156.0 194.0 16.0 23.0 9.0 157.0 25.0 11.0 40.0 66.0 18.0 19.0 47.0 4.0 152.0 159.0 41.0 399.0 69.0 404.0 71.0 132.0 74.0 63.0 12.0 504.0 291.0 292.0 421.0 89.0 476.0 136.0 108.0 257.0 99.0 96.0 97.0 98.0 100.0 286.0 283.0,2051.898615354142
237,237.0 129.0 387.0 130.0 385.0 126.0 120.0 93.0 94.0 112.0 109.0 97.0 98.0 100.0 286.0 283.0,997.103304150644
50,50.0 188.0 24.0 46.0 13.0 137.0 56.0 1.0 18.0 19.0 47.0 4.0 152.0 159.0 41.0 399.0 69.0 404.0 71.0 132.0 74.0 63.0 12.0 504.0 291.0 292.0 421.0 89.0 476.0 136.0 108.0 257.0 99.0 96.0 97.0 98.0 100.0 286.0 283.0,2006.4507587961737
366,366.0 375.0 367.0 372.0 379.0 377.0 378.0 105.0 104.0 108.0 257.0 99.0 96.0 97.0 98.0 100.0 286.0 283.0,758.9278719188079
234,234.0 238.0 489.0 490.0 124.0 231.0 360.0 125.0 123.0 475.0 474.0 136.0 108.0 257.0 99.0 96.0 97.0 98.0 100.0 286.0 283.0,951.4139537317463
2,2.0 55.0 77.0 76.0 122.0 391.0 130.0 385.0 126.0 120.0 93.0 94.0 112.0 109.0 97.0 98.0 100.0 286.0 283.0,1161.9107327310417
43,43.0 472.0 22.0 141.0 468.0 36.0 135.0 89.0 476.0 136.0 108.0 257.0 99.0 96.0 97.0 98.0 100.0 286.0 283.0,1270.1538155196026
390,390.0 483.0 124.0 231.0 360.0 125.0 123.0 475.0 474.0 136.0 108.0 257.0 99.0 96.0 97.0 98.0 100.0 286.0 283.0,975.955887295005
59,59.0 8.0 34.0 22.0 141.0 468.0 36.0 135.0 89.0 476.0 136.0 108.0 257.0 99.0 96.0 97.0 98.0 100.0 286.0 283.0,1273.8464236356513
501,501.0 503.0 489.0 490.0 124.0 231.0 360.0 125.0 123.0 475.0 474.0 136.0 108.0 257.0 99.0 96.0 97.0 98.0 100.0 286.0 283.0,959.890586696967
99,99.0 96.0 97.0 98.0 100.0 286.0 283.0,307.8767341498194
209,209.0 210.0 208.0 420.0 145.0 216.0 222.0 254.0 219.0 353.0 342.0 343.0 333.0 341.0 312.0 329.0 388.0 389.0 387.0 130.0 385.0 126.0 120.0 93.0 94.0 112.0 109.0 97.0 98.0 100.0 286.0 283.0,1955.1305496759533
479,479.0 480.0 226.0 228.0 231.0 360.0 125.0 123.0 475.0 474.0 136.0 108.0 257.0 99.0 96.0 97.0 98.0 100.0 286.0 283.0,842.9593738064074
298,298.0 508.0 113.0 510.0 299.0 515.0 115.0 119.0 408.0 302.0 303.0 306.0,1690.735435791955
84,84.0 83.0 332.0 311.0 81.0 312.0 329.0 388.0 389.0 387.0 130.0 385.0 126.0 120.0 93.0 94.0 112.0 109.0 97.0 98.0 100.0 286.0 283.0,1259.1113615421416
229,229.0 126.0 120.0 93.0 94.0 112.0 109.0 97.0 98.0 100.0 286.0 283.0,769.9787003517027
428,428.0 267.0 290.0 266.0 259.0 431.0 167.0 393.0 427.0 73.0 171.0 214.0 208.0 420.0 145.0 216.0 222.0 254.0 219.0 353.0 342.0 343.0 333.0 341.0 312.0 329.0 388.0 389.0 387.0 130.0 385.0 126.0 120.0 93.0 94.0 112.0 109.0 97.0 98.0 100.0 286.0 283.0,3385.2701707672836
507,507.0 506.0 93.0 94.0 112.0 109.0 97.0 98.0 100.0 286.0 283.0,719.2352511314774
504,504.0 291.0 292.0 421.0 89.0 476.0 136.0 108.0 257.0 99.0 96.0 97.0 98.0 100.0 286.0 283.0,960.5882369271425
1,1.0 18.0 19.0 47.0 4.0 152.0 159.0 41.0 399.0 69.0 404.0 71.0 132.0 74.0 63.0 12.0 504.0 291.0 292.0 421.0 89.0 476.0 136.0 108.0 257.0 99.0 96.0 97.0 98.0 100.0 286.0 283.0,1657.9810412288157
407,407.0 403.0 398.0 399.0 69.0 404.0 71.0 132.0 74.0 63.0 12.0 504.0 291.0 292.0 421.0 89.0 476.0 136.0 108.0 257.0 99.0 96.0 97.0 98.0 100.0 286.0 283.0,1380.4969951268793
107,107.0 95.0 100.0 286.0 283.0,208.01488221752632
286,286.0 283.0,87.56184901177366
101,101.0 110.0 98.0 100.0 286.0 283.0,378.2790792426921
18,18.0 19.0 47.0 4.0 152.0 159.0 41.0 399.0 69.0 404.0 71.0 132.0 74.0 63.0 12.0 504.0 291.0 292.0 421.0 89.0 476.0 136.0 108.0 257.0 99.0 96.0 97.0 98.0 100.0 286.0 283.0,1593.1213561456068
238,238.0 489.0 490.0 124.0 231.0 360.0 125.0 123.0 475.0 474.0 136.0 108.0 257.0 99.0 96.0 97.0 98.0 100.0 286.0 283.0,895.760750052032
464,464.0 463.0 361.0 360.0 125.0 123.0 475.0 474.0 136.0 108.0 257.0 99.0 96.0 97.0 98.0 100.0 286.0 283.0,955.1877593399771
369,369.0 382.0 381.0 383.0 488.0 487.0 506.0 93.0 94.0 112.0 109.0 97.0 98.0 100.0 286.0 283.0,791.8194814464088
277,277.0 269.0 268.0 428.0 267.0 290.0 266.0 259.0 431.0 167.0 393.0 427.0 73.0 171.0 214.0 208.0 420.0 145.0 216.0 222.0 254.0 219.0 353.0 342.0 343.0 333.0 341.0 312.0 329.0 388.0 389.0 387.0 130.0 385.0 126.0 120.0 93.0 94.0 112.0 109.0 97.0 98.0 100.0 286.0 283.0,3734.4165551212245
162,162.0 185.0 176.0 182.0 179.0 149.0 148.0 147.0 131.0 224.0 223.0 482.0 390.0 483.0 124.0 231.0 360.0 125.0 123.0 475.0 474.0 136.0 108.0 257.0 99.0 96.0 97.0 98.0 100.0 286.0 283.0,1620.7633924788156
395,395.0 193.0 401.0 397.0 400.0 396.0 407.0 403.0 398.0 399.0 69.0 404.0 71.0 132.0 74.0 63.0 12.0 504.0 291.0 292.0 421.0 89.0 476.0 136.0 108.0 257.0 99.0 96.0 97.0 98.0 100.0 286.0 283.0,1741.536269817568
377,377.0 378.0 105.0 104.0 108.0 257.0 99.0 96.0 97.0 98.0 100.0 286.0 283.0,671.7894170013377
96,96.0 97.0 98.0 100.0 286.0 283.0,268.91677940449483
404,404.0 71.0 132.0 74.0 63.0 12.0 504.0 291.0 292.0 421.0 89.0 476.0 136.0 108.0 257.0 99.0 96.0 97.0 98.0 100.0 286.0 283.0,1231.7668326254473
461,461.0 99.0 96.0 97.0 98.0 100.0 286.0 283.0,352.0238190469287
144,144.0 10.0 14.0 45.0 26.0 138.0 4.0 152.0 159.0 41.0 399.0 69.0 404.0 71.0 132.0 74.0 63.0 12.0 504.0 291.0 292.0 421.0 89.0 476.0 136.0 108.0 257.0 99.0 96.0 97.0 98.0 100.0 286.0 283.0,1831.4932107924894
269,269.0 268.0 428.0 267.0 290.0 266.0 259.0 431.0 167.0 393.0 427.0 73.0 171.0 214.0 208.0 420.0 145.0 216.0 222.0 254.0 219.0 353.0 342.0 343.0 333.0 341.0 312.0 329.0 388.0 389.0 387.0 130.0 385.0 126.0 120.0 93.0 94.0 112.0 109.0 97.0 98.0 100.0 286.0 283.0,3537.1085088389627
360,360.0 125.0 123.0 475.0 474.0 136.0 108.0 257.0 99.0 96.0 97.0 98.0 100.0 286.0 283.0,734.098192613818
373,373.0 379.0 377.0 378.0 105.0 104.0 108.0 257.0 99.0 96.0 97.0 98.0 100.0 286.0 283.0,687.7115624232157
402,402.0 69.0 404.0 71.0 132.0 74.0 63.0 12.0 504.0 291.0 292.0 421.0 89.0 476.0 136.0 108.0 257.0 99.0 96.0 97.0 98.0 100.0 286.0 283.0,1328.5514104483962
266,266.0 259.0 431.0 167.0 393.0 427.0 73.0 171.0 214.0 208.0 420.0 145.0 216.0 222.0 254.0 219.0 353.0 342.0 343.0 333.0 341.0 312.0 329.0 388.0 389.0 387.0 130.0 385.0 126.0 120.0 93.0 94.0 112.0 109.0 97.0 98.0 100.0 286.0 283.0,2784.637938170314
431,431.0 167.0 393.0 427.0 73.0 171.0 214.0 208.0 420.0 145.0 216.0 222.0 254.0 219.0 353.0 342.0 343.0 333.0 341.0 312.0 329.0 388.0 389.0 387.0 130.0 385.0 126.0 120.0 93.0 94.0 112.0 109.0 97.0 98.0 100.0 286.0 283.0,2390.8740867968945
386,386.0 385.0 126.0 120.0 93.0 94.0 112.0 109.0 97.0 98.0 100.0 286.0 283.0,765.5554234105008
190,190.0 450.0 191.0 193.0 401.0 397.0 400.0 396.0 407.0 403.0 398.0 399.0 69.0 404.0 71.0 132.0 74.0 63.0 12.0 504.0 291.0 292.0 421.0 89.0 476.0 136.0 108.0 257.0 99.0 96.0 97.0 98.0 100.0 286.0 283.0,1800.9603006269365
273,273.0 289.0 271.0 439.0 270.0 276.0 269.0 268.0 428.0 267.0 290.0 266.0 259.0 431.0 167.0 393.0 427.0 73.0 171.0 214.0 208.0 420.0 145.0 216.0 222.0 254.0 219.0 353.0 342.0 343.0 333.0 341.0 312.0 329.0 388.0 389.0 387.0 130.0 385.0 126.0 120.0 93.0 94.0 112.0 109.0 97.0 98.0 100.0 286.0 283.0,4070.292295592395
187,187.0 163.0 186.0 177.0 178.0 148.0 147.0 131.0 224.0 223.0 482.0 390.0 483.0 124.0 231.0 360.0 125.0 123.0 475.0 474.0 136.0 108.0 257.0 99.0 96.0 97.0 98.0 100.0 286.0 283.0,1695.5907306667689
316,316.0 318.0 342.0 343.0 333.0 341.0 312.0 329.0 388.0 389.0 387.0 130.0 385.0 126.0 120.0 93.0 94.0 112.0 109.0 97.0 98.0 100.0 286.0 283.0,1366.7733055005672
452,452.0 453.0 397.0 400.0 396.0 407.0 403.0 398.0 399.0 69.0 404.0 71.0 132.0 74.0 63.0 12.0 504.0 291.0 292.0 421.0 89.0 476.0 136.0 108.0 257.0 99.0 96.0 97.0 98.0 100.0 286.0 283.0,1698.3467980936791
137,137.0 56.0 1.0 18.0 19.0 47.0 4.0 152.0 159.0 41.0 399.0 69.0 404.0 71.0 132.0 74.0 63.0 12.0 504.0 291.0 292.0 421.0 89.0 476.0 136.0 108.0 257.0 99.0 96.0 97.0 98.0 100.0 286.0 283.0,1777.2399430251269
61,61.0 53.0 36.0 135.0 89.0 476.0 136.0 108.0 257.0 99.0 96.0 97.0 98.0 100.0 286.0 283.0,1073.5721441879566
347,347.0 358.0 356.0 147.0 131.0 224.0 223.0 482.0 390.0 483.0 124.0 231.0 360.0 125.0 123.0 475.0 474.0 136.0 108.0 257.0 99.0 96.0 97.0 98.0 100.0 286.0 283.0,1295.8867721342117
222,222.0 254.0 219.0 353.0 342.0 343.0 333.0 341.0 312.0 329.0 388.0 389.0 387.0 130.0 385.0 126.0 120.0 93.0 94.0 112.0 109.0 97.0 98.0 100.0 286.0 283.0,1380.2142152078034
323,323.0 324.0 325.0 322.0 242.0 320.0 338.0 340.0 337.0 316.0 318.0 342.0 343.0 333.0 341.0 312.0 329.0 388.0 389.0 387.0 130.0 385.0 126.0 120.0 93.0 94.0 112.0 109.0 97.0 98.0 100.0 286.0 283.0,1630.7071939213897
121,121.0 493.0 129.0 387.0 130.0 385.0 126.0 120.0 93.0 94.0 112.0 109.0 97.0 98.0 100.0 286.0 283.0,1030.154423084313
178,178.0 148.0 147.0 131.0 224.0 223.0 482.0 390.0 483.0 124.0 231.0 360.0 125.0 123.0 475.0 474.0 136.0 108.0 257.0 99.0 96.0 97.0 98.0 100.0 286.0 283.0,1442.7537088265528
248,248.0 249.0 335.0 337.0 316.0 318.0 342.0 343.0 333.0 341.0 312.0 329.0 388.0 389.0 387.0 130.0 385.0 126.0 120.0 93.0 94.0 112.0 109.0 97.0 98.0 100.0 286.0 283.0,1442.587658858702
274,274.0 275.0 270.0 276.0 269.0 268.0 428.0 267.0 290.0 266.0 259.0 431.0 167.0 393.0 427.0 73.0 171.0 214.0 208.0 420.0 145.0 216.0 222.0 254.0 219.0 353.0 342.0 343.0 333.0 341.0 312.0 329.0 388.0 389.0 387.0 130.0 385.0 126.0 120.0 93.0 94.0 112.0 109.0 97.0 98.0 100.0 286.0 283.0,3717.957644086041
169,169.0 170.0 142.0 171.0 214.0 208.0 420.0 145.0 216.0 222.0 254.0 219.0 353.0 342.0 343.0 333.0 341.0 312.0 329.0 388.0 389.0 387.0 130.0 385.0 126.0 120.0 93.0 94.0 112.0 109.0 97.0 98.0 100.0 286.0 283.0,2040.2595791165354
322,322.0 242.0 320.0 338.0 340.0 337.0 316.0 318.0 342.0 343.0 333.0 341.0 312.0 329.0 388.0 389.0 387.0 130.0 385.0 126.0 120.0 93.0 94.0 112.0 109.0 97.0 98.0 100.0 286.0 283.0,1526.747491733796
214,214.0 208.0 420.0 145.0 216.0 222.0 254.0 219.0 353.0 342.0 343.0 333.0 341.0 312.0 329.0 388.0 389.0 387.0 130.0 385.0 126.0 120.0 93.0 94.0 112.0 109.0 97.0 98.0 100.0 286.0 283.0,1785.5041192074864
516,516.0 118.0 117.0 102.0 101.0 110.0 98.0 100.0 286.0 283.0,1004.1071482174101
466,466.0 291.0 292.0 421.0 89.0 476.0 136.0 108.0 257.0 99.0 96.0 97.0 98.0 100.0 286.0 283.0,871.3786301567362
350,350.0 351.0 352.0 353.0 342.0 343.0 333.0 341.0 312.0 329.0 388.0 389.0 387.0 130.0 385.0 126.0 120.0 93.0 94.0 112.0 109.0 97.0 98.0 100.0 286.0 283.0,1286.5752296429757
358,358.0 356.0 147.0 131.0 224.0 223.0 482.0 390.0 483.0 124.0 231.0 360.0 125.0 123.0 475.0 474.0 136.0 108.0 257.0 99.0 96.0 97.0 98.0 100.0 286.0 283.0,1237.4121173164915
149,149.0 148.0 147.0 131.0 224.0 223.0 482.0 390.0 483.0 124.0 231.0 360.0 125.0 123.0 475.0 474.0 136.0 108.0 257.0 99.0 96.0 97.0 98.0 100.0 286.0 283.0,1397.5957205998766
361,361.0 360.0 125.0 123.0 475.0 474.0 136.0 108.0 257.0 99.0 96.0 97.0 98.0 100.0 286.0 283.0,856.8861904020374
299,299.0 515.0 115.0 119.0 408.0 302.0 303.0 306.0,1181.008889597874
128,128.0 362.0 125.0 123.0 475.0 474.0 136.0 108.0 257.0 99.0 96.0 97.0 98.0 100.0 286.0 283.0,749.364856582915
85,85.0 82.0 312.0 329.0 388.0 389.0 387.0 130.0 385.0 126.0 120.0 93.0 94.0 112.0 109.0 97.0 98.0 100.0 286.0 283.0,1226.3517909047457
66,66.0 18.0 19.0 47.0 4.0 152.0 159.0 41.0 399.0 69.0 404.0 71.0 132.0 74.0 63.0 12.0 504.0 291.0 292.0 421.0 89.0 476.0 136.0 108.0 257.0 99.0 96.0 97.0 98.0 100.0 286.0 283.0,1613.331584434921
45,45.0 26.0 138.0 4.0 152.0 159.0 41.0 399.0 69.0 404.0 71.0 132.0 74.0 63.0 12.0 504.0 291.0 292.0 421.0 89.0 476.0 136.0 108.0 257.0 99.0 96.0 97.0 98.0 100.0 286.0 283.0,1687.4736296543867
398,398.0 399.0 69.0 404.0 71.0 132.0 74.0 63.0 12.0 504.0 291.0 292.0 421.0 89.0 476.0 136.0 108.0 257.0 99.0 96.0 97.0 98.0 100.0 286.0 283.0,1320.3925525037987
285,285.0 284.0,74.67344327155313
199,199.0 201.0 392.0 395.0 193.0 401.0 397.0 400.0 396.0 407.0 403.0 398.0 399.0 69.0 404.0 71.0 132.0 74.0 63.0 12.0 504.0 291.0 292.0 421.0 89.0 476.0 136.0 108.0 257.0 99.0 96.0 97.0 98.0 100.0 286.0 283.0,1872.7895697184113
491,491.0 370.0 371.0 366.0 375.0 367.0 372.0 379.0 377.0 378.0 105.0 104.0 108.0 257.0 99.0 96.0 97.0 98.0 100.0 286.0 283.0,784.2101077864662
443,443.0 277.0 269.0 268.0 428.0 267.0 290.0 266.0 259.0 431.0 167.0 393.0 427.0 73.0 171.0 214.0 208.0 420.0 145.0 216.0 222.0 254.0 219.0 353.0 342.0 343.0 333.0 341.0 312.0 329.0 388.0 389.0 387.0 130.0 385.0 126.0 120.0 93.0 94.0 112.0 109.0 97.0 98.0 100.0 286.0 283.0,3807.8822540802466
352,352.0 353.0 342.0 343.0 333.0 341.0 312.0 329.0 388.0 389.0 387.0 130.0 385.0 126.0 120.0 93.0 94.0 112.0 109.0 97.0 98.0 100.0 286.0 283.0,1270.5884092957976
232,232.0 233.0 490.0 124.0 231.0 360.0 125.0 123.0 475.0 474.0 136.0 108.0 257.0 99.0 96.0 97.0 98.0 100.0 286.0 283.0,972.0539575172185
254,254.0 219.0 353.0 342.0 343.0 333.0 341.0 312.0 329.0 388.0 389.0 387.0 130.0 385.0 126.0 120.0 93.0 94.0 112.0 109.0 97.0 98.0 100.0 286.0 283.0,1360.0480544683535
450,450.0 191.0 193.0 401.0 397.0 400.0 396.0 407.0 403.0 398.0 399.0 69.0 404.0 71.0 132.0 74.0 63.0 12.0 504.0 291.0 292.0 421.0 89.0 476.0 136.0 108.0 257.0 99.0 96.0 97.0 98.0 100.0 286.0 283.0,1794.1769197101025
243,243.0 319.0 339.0 338.0 340.0 337.0 316.0 318.0 342.0 343.0 333.0 341.0 312.0 329.0 388.0 389.0 387.0 130.0 385.0 126.0 120.0 93.0 94.0 112.0 109.0 97.0 98.0 100.0 286.0 283.0,1530.6289593632896
255,255.0 318.0 342.0 343.0 333.0 341.0 312.0 329.0 388.0 389.0 387.0 130.0 385.0 126.0 120.0 93.0 94.0 112.0 109.0 97.0 98.0 100.0 286.0 283.0,1361.882359803164
436,436.0 433.0 434.0 429.0 430.0 431.0 167.0 393.0 427.0 73.0 171.0 214.0 208.0 420.0 145.0 216.0 222.0 254.0 219.0 353.0 342.0 343.0 333.0 341.0 312.0 329.0 388.0 389.0 387.0 130.0 385.0 126.0 120.0 93.0 94.0 112.0 109.0 97.0 98.0 100.0 286.0 283.0,2692.346205672522
72,72.0 68.0 75.0 213.0 173.0 214.0 208.0 420.0 145.0 216.0 222.0 254.0 219.0 353.0 342.0 343.0 333.0 341.0 312.0 329.0 388.0 389.0 387.0 130.0 385.0 126.0 120.0 93.0 94.0 112.0 109.0 97.0 98.0 100.0 286.0 283.0,2483.2256177876934
262,262.0 263.0 265.0 512.0 116.0 115.0 119.0 408.0 302.0 303.0 306.0,1338.5801117000372
239,239.0 238.0 489.0 490.0 124.0 231.0 360.0 125.0 123.0 475.0 474.0 136.0 108.0 257.0 99.0 96.0 97.0 98.0 100.0 286.0 283.0,935.9568608564281
313,313.0 33.0 15.0 55.0 77.0 76.0 122.0 391.0 130.0 385.0 126.0 120.0 93.0 94.0 112.0 109.0 97.0 98.0 100.0 286.0 283.0,1288.3323966346015
213,213.0 173.0 214.0 208.0 420.0 145.0 216.0 222.0 254.0 219.0 353.0 342.0 343.0 333.0 341.0 312.0 329.0 388.0 389.0 387.0 130.0 385.0 126.0 120.0 93.0 94.0 112.0 109.0 97.0 98.0 100.0 286.0 283.0,2042.5192254952526
467,467.0 466.0 291.0 292.0 421.0 89.0 476.0 136.0 108.0 257.0 99.0 96.0 97.0 98.0 100.0 286.0 283.0,974.8841499040335
122,122.0 391.0 130.0 385.0 126.0 120.0 93.0 94.0 112.0 109.0 97.0 98.0 100.0 286.0 283.0,943.6174346783993
261,261.0 441.0 260.0 434.0 429.0 430.0 431.0 167.0 393.0 427.0 73.0 171.0 214.0 208.0 420.0 145.0 216.0 222.0 254.0 219.0 353.0 342.0 343.0 333.0 341.0 312.0 329.0 388.0 389.0 387.0 130.0 385.0 126.0 120.0 93.0 94.0 112.0 109.0 97.0 98.0 100.0 286.0 283.0,2983.616417262184
182,182.0 179.0 149.0 148.0 147.0 131.0 224.0 223.0 482.0 390.0 483.0 124.0 231.0 360.0 125.0 123.0 475.0 474.0 136.0 108.0 257.0 99.0 96.0 97.0 98.0 100.0 286.0 283.0,1512.6242319129049
146,146.0 330.0 329.0 388.0 389.0 387.0 130.0 385.0 126.0 120.0 93.0 94.0 112.0 109.0 97.0 98.0 100.0 286.0 283.0,1325.2388461056332
253,253.0 252.0 340.0 337.0 316.0 318.0 342.0 343.0 333.0 341.0 312.0 329.0 388.0 389.0 387.0 130.0 385.0 126.0 120.0 93.0 94.0 112.0 109.0 97.0 98.0 100.0 286.0 283.0,1488.5426321983227
158,158.0 139.0 19.0 47.0 4.0 152.0 159.0 41.0 399.0 69.0 404.0 71.0 132.0 74.0 63.0 12.0 504.0 291.0 292.0 421.0 89.0 476.0 136.0 108.0 257.0 99.0 96.0 97.0 98.0 100.0 286.0 283.0,1632.5794335260623
164,164.0 161.0 40.0 66.0 18.0 19.0 47.0 4.0 152.0 159.0 41.0 399.0 69.0 404.0 71.0 132.0 74.0 63.0 12.0 504.0 291.0 292.0 421.0 89.0 476.0 136.0 108.0 257.0 99.0 96.0 97.0 98.0 100.0 286.0 283.0,1799.305301721269
14,14.0 45.0 26.0 138.0 4.0 152.0 159.0 41.0 399.0 69.0 404.0 71.0 132.0 74.0 63.0 12.0 504.0 291.0 292.0 421.0 89.0 476.0 136.0 108.0 257.0 99.0 96.0 97.0 98.0 100.0 286.0 283.0,1719.6854949069364
192,192.0 199.0 201.0 392.0 395.0 193.0 401.0 397.0 400.0 396.0 407.0 403.0 398.0 399.0 69.0 404.0 71.0 132.0 74.0 63.0 12.0 504.0 291.0 292.0 421.0 89.0 476.0 136.0 108.0 257.0 99.0 96.0 97.0 98.0 100.0 286.0 283.0,1888.937613694016
278,278.0 282.0 416.0 263.0 265.0 512.0 116.0 115.0 119.0 408.0 302.0 303.0 306.0,1449.7331411792659
502,502.0 503.0 489.0 490.0 124.0 231.0 360.0 125.0 123.0 475.0 474.0 136.0 108.0 257.0 99.0 96.0 97.0 98.0 100.0 286.0 283.0,955.1275643516193
51,51.0 90.0 505.0 292.0 421.0 89.0 476.0 136.0 108.0 257.0 99.0 96.0 97.0 98.0 100.0 286.0 283.0,1068.7629258135062
383,383.0 488.0 487.0 506.0 93.0 94.0 112.0 109.0 97.0 98.0 100.0 286.0 283.0,742.3267649950379
271,271.0 439.0 270.0 276.0 269.0 268.0 428.0 267.0 290.0 266.0 259.0 431.0 167.0 393.0 427.0 73.0 171.0 214.0 208.0 420.0 145.0 216.0 222.0 254.0 219.0 353.0 342.0 343.0 333.0 341.0 312.0 329.0 388.0 389.0 387.0 130.0 385.0 126.0 120.0 93.0 94.0 112.0 109.0 97.0 98.0 100.0 286.0 283.0,3926.9584578787685
119,119.0 408.0 302.0 303.0 306.0,626.9296119456164
380,380.0 383.0 488.0 487.0 506.0 93.0 94.0 112.0 109.0 97.0 98.0 100.0 286.0 283.0,762.7286503544241
508,508.0 113.0 510.0 299.0 515.0 115.0 119.0 408.0 302.0 303.0 306.0,1530.3242792941548
354,354.0 357.0 356.0 147.0 131.0 224.0 223.0 482.0 390.0 483.0 124.0 231.0 360.0 125.0 123.0 475.0 474.0 136.0 108.0 257.0 99.0 96.0 97.0 98.0 100.0 286.0 283.0,1300.8657738781899
453,453.0 397.0 400.0 396.0 407.0 403.0 398.0 399.0 69.0 404.0 71.0 132.0 74.0 63.0 12.0 504.0 291.0 292.0 421.0 89.0 476.0 136.0 108.0 257.0 99.0 96.0 97.0 98.0 100.0 286.0 283.0,1667.5123543878626
163,163.0 186.0 177.0 178.0 148.0 147.0 131.0 224.0 223.0 482.0 390.0 483.0 124.0 231.0 360.0 125.0 123.0 475.0 474.0 136.0 108.0 257.0 99.0 96.0 97.0 98.0 100.0 286.0 283.0,1618.4523461929268
344,344.0 358.0 356.0 147.0 131.0 224.0 223.0 482.0 390.0 483.0 124.0 231.0 360.0 125.0 123.0 475.0 474.0 136.0 108.0 257.0 99.0 96.0 97.0 98.0 100.0 286.0 283.0,1352.498668291076
87,87.0 290.0 266.0 259.0 431.0 167.0 393.0 427.0 73.0 171.0 214.0 208.0 420.0 145.0 216.0 222.0 254.0 219.0 353.0 342.0 343.0 333.0 341.0 312.0 329.0 388.0 389.0 387.0 130.0 385.0 126.0 120.0 93.0 94.0 112.0 109.0 97.0 98.0 100.0 286.0 283.0,3386.6544137627134
498,498.0 91.0 330.0 329.0 388.0 389.0 387.0 130.0 385.0 126.0 120.0 93.0 94.0 112.0 109.0 97.0 98.0 100.0 286.0 283.0,1303.8532247478552
294,294.0 93.0 94.0 112.0 109.0 97.0 98.0 100.0 286.0 283.0,718.6285569974897
493,493.0 129.0 387.0 130.0 385.0 126.0 120.0 93.0 94.0 112.0 109.0 97.0 98.0 100.0 286.0 283.0,997.7736712217692
123,123.0 475.0 474.0 136.0 108.0 257.0 99.0 96.0 97.0 98.0 100.0 286.0 283.0,695.8034455630119
435,435.0 436.0 433.0 434.0 429.0 430.0 431.0 167.0 393.0 427.0 73.0 171.0 214.0 208.0 420.0 145.0 216.0 222.0 254.0 219.0 353.0 342.0 343.0 333.0 341.0 312.0 329.0 388.0 389.0 387.0 130.0 385.0 126.0 120.0 93.0 94.0 112.0 109.0 97.0 98.0 100.0 286.0 283.0,2739.0966622562914
287,287.0 43.0 472.0 22.0 141.0 468.0 36.0 135.0 89.0 476.0 136.0 108.0 257.0 99.0 96.0 97.0 98.0 100.0 286.0 283.0,1280.893995261276
202,202.0 192.0 199.0 201.0 392.0 395.0 193.0 401.0 397.0 400.0 396.0 407.0 403.0 398.0 399.0 69.0 404.0 71.0 132.0 74.0 63.0 12.0 504.0 291.0 292.0 421.0 89.0 476.0 136.0 108.0 257.0 99.0 96.0 97.0 98.0 100.0 286.0 283.0,1925.7678531564611
225,225.0 226.0 228.0 231.0 360.0 125.0 123.0 475.0 474.0 136.0 108.0 257.0 99.0 96.0 97.0 98.0 100.0 286.0 283.0,839.2836045457517
510,510.0 299.0 515.0 115.0 119.0 408.0 302.0 303.0 306.0,1517.7152552922614
64,64.0 156.0 194.0 16.0 23.0 9.0 157.0 25.0 11.0 40.0 66.0 18.0 19.0 47.0 4.0 152.0 159.0 41.0 399.0 69.0 404.0 71.0 132.0 74.0 63.0 12.0 504.0 291.0 292.0 421.0 89.0 476.0 136.0 108.0 257.0 99.0 96.0 97.0 98.0 100.0 286.0 283.0,2063.2843698540555
15,15.0 55.0 77.0 76.0 122.0 391.0 130.0 385.0 126.0 120.0 93.0 94.0 112.0 109.0 97.0 98.0 100.0 286.0 283.0,1218.1961895309726
460,460.0 151.0 184.0 181.0 180.0 150.0 406.0 402.0 69.0 404.0 71.0 132.0 74.0 63.0 12.0 504.0 291.0 292.0 421.0 89.0 476.0 136.0 108.0 257.0 99.0 96.0 97.0 98.0 100.0 286.0 283.0,1705.258810229683
458,458.0 446.0 204.0 153.0 201.0 392.0 395.0 193.0 401.0 397.0 400.0 396.0 407.0 403.0 398.0 399.0 69.0 404.0 71.0 132.0 74.0 63.0 12.0 504.0 291.0 292.0 421.0 89.0 476.0 136.0 108.0 257.0 99.0 96.0 97.0 98.0 100.0 286.0 283.0,2059.623333619807
78,78.0 494.0 92.0 81.0 312.0 329.0 388.0 389.0 387.0 130.0 385.0 126.0 120.0 93.0 94.0 112.0 109.0 97.0 98.0 100.0 286.0 283.0,1218.372614557289
476,476.0 136.0 108.0 257.0 99.0 96.0 97.0 98.0 100.0 286.0 283.0,673.3840328849022
291,291.0 292.0 421.0 89.0 476.0 136.0 108.0 257.0 99.0 96.0 97.0 98.0 100.0 286.0 283.0,868.3498415456446
267,267.0 290.0 266.0 259.0 431.0 167.0 393.0 427.0 73.0 171.0 214.0 208.0 420.0 145.0 216.0 222.0 254.0 219.0 353.0 342.0 343.0 333.0 341.0 312.0 329.0 388.0 389.0 387.0 130.0 385.0 126.0 120.0 93.0 94.0 112.0 109.0 97.0 98.0 100.0 286.0 283.0,3131.831605410717
492,492.0 493.0 129.0 387.0 130.0 385.0 126.0 120.0 93.0 94.0 112.0 109.0 97.0 98.0 100.0 286.0 283.0,1004.3286715152204
142,142.0 171.0 214.0 208.0 420.0 145.0 216.0 222.0 254.0 219.0 353.0 342.0 343.0 333.0 341.0 312.0 329.0 388.0 389.0 387.0 130.0 385.0 126.0 120.0 93.0 94.0 112.0 109.0 97.0 98.0 100.0 286.0 283.0,1982.0942643227486
172,172.0 173.0 214.0 208.0 420.0 145.0 216.0 222.0 254.0 219.0 353.0 342.0 343.0 333.0 341.0 312.0 329.0 388.0 389.0 387.0 130.0 385.0 126.0 120.0 93.0 94.0 112.0 109.0 97.0 98.0 100.0 286.0 283.0,2011.8474051171052
235,235.0 232.0 233.0 490.0 124.0 231.0 360.0 125.0 123.0 475.0 474.0 136.0 108.0 257.0 99.0 96.0 97.0 98.0 100.0 286.0 283.0,995.7199009066359
314,314.0 315.0 316.0 318.0 342.0 343.0 333.0 341.0 312.0 329.0 388.0 389.0 387.0 130.0 385.0 126.0 120.0 93.0 94.0 112.0 109.0 97.0 98.0 100.0 286.0 283.0,1407.176292702698
223,223.0 482.0 390.0 483.0 124.0 231.0 360.0 125.0 123.0 475.0 474.0 136.0 108.0 257.0 99.0 96.0 97.0 98.0 100.0 286.0 283.0,1079.7086579616475
20,20.0 48.0 64.0 156.0 194.0 16.0 23.0 9.0 157.0 25.0 11.0 40.0 66.0 18.0 19.0 47.0 4.0 152.0 159.0 41.0 399.0 69.0 404.0 71.0 132.0 74.0 63.0 12.0 504.0 291.0 292.0 421.0 89.0 476.0 136.0 108.0 257.0 99.0 96.0 97.0 98.0 100.0 286.0 283.0,2127.0490267705304
56,56.0 1.0 18.0 19.0 47.0 4.0 152.0 159.0 41.0 399.0 69.0 404.0 71.0 132.0 74.0 63.0 12.0 504.0 291.0 292.0 421.0 89.0 476.0 136.0 108.0 257.0 99.0 96.0 97.0 98.0 100.0 286.0 283.0,1686.9894453506251
138,138.0 4.0 152.0 159.0 41.0 399.0 69.0 404.0 71.0 132.0 74.0 63.0 12.0 504.0 291.0 292.0 421.0 89.0 476.0 136.0 108.0 257.0 99.0 96.0 97.0 98.0 100.0 286.0 283.0,1527.963097736419
260,260.0 434.0 429.0 430.0 431.0 167.0 393.0 427.0 73.0 171.0 214.0 208.0 420.0 145.0 216.0 222.0 254.0 219.0 353.0 342.0 343.0 333.0 341.0 312.0 329.0 388.0 389.0 387.0 130.0 385.0 126.0 120.0 93.0 94.0 112.0 109.0 97.0 98.0 100.0 286.0 283.0,2700.699004724787
167,167.0 393.0 427.0 73.0 171.0 214.0 208.0 420.0 145.0 216.0 222.0 254.0 219.0 353.0 342.0 343.0 333.0 341.0 312.0 329.0 388.0 389.0 387.0 130.0 385.0 126.0 120.0 93.0 94.0 112.0 109.0 97.0 98.0 100.0 286.0 283.0,2274.2516663350143
109,109.0 97.0 98.0 100.0 286.0 283.0,329.58407206126003
275,275.0 270.0 276.0 269.0 268.0 428.0 267.0 290.0 266.0 259.0 431.0 167.0 393.0 427.0 73.0 171.0 214.0 208.0 420.0 145.0 216.0 222.0 254.0 219.0 353.0 342.0 343.0 333.0 341.0 312.0 329.0 388.0 389.0 387.0 130.0 385.0 126.0 120.0 93.0 94.0 112.0 109.0 97.0 98.0 100.0 286.0 283.0,3685.053634538378
363,363.0 364.0 362.0 125.0 123.0 475.0 474.0 136.0 108.0 257.0 99.0 96.0 97.0 98.0 100.0 286.0 283.0,755.5754970963493
23,23.0 9.0 157.0 25.0 11.0 40.0 66.0 18.0 19.0 47.0 4.0 152.0 159.0 41.0 399.0 69.0 404.0 71.0 132.0 74.0 63.0 12.0 504.0 291.0 292.0 421.0 89.0 476.0 136.0 108.0 257.0 99.0 96.0 97.0 98.0 100.0 286.0 283.0,1845.0642417069116
129,129.0 387.0 130.0 385.0 126.0 120.0 93.0 94.0 112.0 109.0 97.0 98.0 100.0 286.0 283.0,927.4091297063832
341,341.0 312.0 329.0 388.0 389.0 387.0 130.0 385.0 126.0 120.0 93.0 94.0 112.0 109.0 97.0 98.0 100.0 286.0 283.0,1131.4664685206142
236,236.0 237.0 129.0 387.0 130.0 385.0 126.0 120.0 93.0 94.0 112.0 109.0 97.0 98.0 100.0 286.0 283.0,1014.5172660604866
379,379.0 377.0 378.0 105.0 104.0 108.0 257.0 99.0 96.0 97.0 98.0 100.0 286.0 283.0,676.265380090782
494,494.0 92.0 81.0 312.0 329.0 388.0 389.0 387.0 130.0 385.0 126.0 120.0 93.0 94.0 112.0 109.0 97.0 98.0 100.0 286.0 283.0,1208.3559942838365
4,4.0 152.0 159.0 41.0 399.0 69.0 404.0 71.0 132.0 74.0 63.0 12.0 504.0 291.0 292.0 421.0 89.0 476.0 136.0 108.0 257.0 99.0 96.0 97.0 98.0 100.0 286.0 283.0,1476.1855975635676
24,24.0 46.0 13.0 137.0 56.0 1.0 18.0 19.0 47.0 4.0 152.0 159.0 41.0 399.0 69.0 404.0 71.0 132.0 74.0 63.0 12.0 504.0 291.0 292.0 421.0 89.0 476.0 136.0 108.0 257.0 99.0 96.0 97.0 98.0 100.0 286.0 283.0,1898.2458417050161
102,102.0 101.0 110.0 98.0 100.0 286.0 283.0,459.15132400565403
175,175.0 174.0 185.0 176.0 182.0 179.0 149.0 148.0 147.0 131.0 224.0 223.0 482.0 390.0 483.0 124.0 231.0 360.0 125.0 123.0 475.0 474.0 136.0 108.0 257.0 99.0 96.0 97.0 98.0 100.0 286.0 283.0,1718.0548640091542
176,176.0 182.0 179.0 149.0 148.0 147.0 131.0 224.0 223.0 482.0 390.0 483.0 124.0 231.0 360.0 125.0 123.0 475.0 474.0 136.0 108.0 257.0 99.0 96.0 97.0 98.0 100.0 286.0 283.0,1526.386159443256
488,488.0 487.0 506.0 93.0 94.0 112.0 109.0 97.0 98.0 100.0 286.0 283.0,738.0285829801516
220,220.0 351.0 352.0 353.0 342.0 343.0 333.0 341.0 312.0 329.0 388.0 389.0 387.0 130.0 385.0 126.0 120.0 93.0 94.0 112.0 109.0 97.0 98.0 100.0 286.0 283.0,1329.738354093491
231,231.0 360.0 125.0 123.0 475.0 474.0 136.0 108.0 257.0 99.0 96.0 97.0 98.0 100.0 286.0 283.0,742.845264508259
200,200.0 153.0 201.0 392.0 395.0 193.0 401.0 397.0 400.0 396.0 407.0 403.0 398.0 399.0 69.0 404.0 71.0 132.0 74.0 63.0 12.0 504.0 291.0 292.0 421.0 89.0 476.0 136.0 108.0 257.0 99.0 96.0 97.0 98.0 100.0 286.0 283.0,1984.924800221919
289,289.0 271.0 439.0 270.0 276.0 269.0 268.0 428.0 267.0 290.0 266.0 259.0 431.0 167.0 393.0 427.0 73.0 171.0 214.0 208.0 420.0 145.0 216.0 222.0 254.0 219.0 353.0 342.0 343.0 333.0 341.0 312.0 329.0 388.0 389.0 387.0 130.0 385.0 126.0 120.0 93.0 94.0 112.0 109.0 97.0 98.0 100.0 286.0 283.0,3979.98291292699
257,257.0 99.0 96.0 97.0 98.0 100.0 286.0 283.0,364.3898752129103
470,470.0 141.0 468.0 36.0 135.0 89.0 476.0 136.0 108.0 257.0 99.0 96.0 97.0 98.0 100.0 286.0 283.0,1225.1680381998567
419,419.0 236.0 237.0 129.0 387.0 130.0 385.0 126.0 120.0 93.0 94.0 112.0 109.0 97.0 98.0 100.0 286.0 283.0,1079.7096928523902
13,13.0 137.0 56.0 1.0 18.0 19.0 47.0 4.0 152.0 159.0 41.0 399.0 69.0 404.0 71.0 132.0 74.0 63.0 12.0 504.0 291.0 292.0 421.0 89.0 476.0 136.0 108.0 257.0 99.0 96.0 97.0 98.0 100.0 286.0 283.0,1825.7028488878582
481,481.0 390.0 483.0 124.0 231.0 360.0 125.0 123.0 475.0 474.0 136.0 108.0 257.0 99.0 96.0 97.0 98.0 100.0 286.0 283.0,1007.7068855785961
93,93.0 94.0 112.0 109.0 97.0 98.0 100.0 286.0 283.0,699.099824985415
506,506.0 93.0 94.0 112.0 109.0 97.0 98.0 100.0 286.0 283.0,702.487710786076
394,394.0 393.0 427.0 73.0 171.0 214.0 208.0 420.0 145.0 216.0 222.0 254.0 219.0 353.0 342.0 343.0 333.0 341.0 312.0 329.0 388.0 389.0 387.0 130.0 385.0 126.0 120.0 93.0 94.0 112.0 109.0 97.0 98.0 100.0 286.0 283.0,2384.6636379936203
151,151.0 184.0 181.0 180.0 150.0 406.0 402.0 69.0 404.0 71.0 132.0 74.0 63.0 12.0 504.0 291.0 292.0 421.0 89.0 476.0 136.0 108.0 257.0 99.0 96.0 97.0 98.0 100.0 286.0 283.0,1667.682630820067
364,364.0 362.0 125.0 123.0 475.0 474.0 136.0 108.0 257.0 99.0 96.0 97.0 98.0 100.0 286.0 283.0,751.2739465295127
249,249.0 335.0 337.0 316.0 318.0 342.0 343.0 333.0 341.0 312.0 329.0 388.0 389.0 387.0 130.0 385.0 126.0 120.0 93.0 94.0 112.0 109.0 97.0 98.0 100.0 286.0 283.0,1426.3534069916875
118,118.0 117.0 102.0 101.0 110.0 98.0 100.0 286.0 283.0,701.2128557505553
206,206.0 48.0 64.0 156.0 194.0 16.0 23.0 9.0 157.0 25.0 11.0 40.0 66.0 18.0 19.0 47.0 4.0 152.0 159.0 41.0 399.0 69.0 404.0 71.0 132.0 74.0 63.0 12.0 504.0 291.0 292.0 421.0 89.0 476.0 136.0 108.0 257.0 99.0 96.0 97.0 98.0 100.0 286.0 283.0,2177.6548692781707
26,26.0 138.0 4.0 152.0 159.0 41.0 399.0 69.0 404.0 71.0 132.0 74.0 63.0 12.0 504.0 291.0 292.0 421.0 89.0 476.0 136.0 108.0 257.0 99.0 96.0 97.0 98.0 100.0 286.0 283.0,1620.6377725764617
335,335.0 337.0 316.0 318.0 342.0 343.0 333.0 341.0 312.0 329.0 388.0 389.0 387.0 130.0 385.0 126.0 120.0 93.0 94.0 112.0 109.0 97.0 98.0 100.0 286.0 283.0,1412.381304730282
100,100.0 286.0 283.0,106.51265511826495
512,512.0 116.0 115.0 119.0 408.0 302.0 303.0 306.0,1048.6766731597618
280,280.0 281.0 278.0 282.0 416.0 263.0 265.0 512.0 116.0 115.0 119.0 408.0 302.0 303.0 306.0,1604.8207907019316
21,21.0 23.0 9.0 157.0 25.0 11.0 40.0 66.0 18.0 19.0 47.0 4.0 152.0 159.0 41.0 399.0 69.0 404.0 71.0 132.0 74.0 63.0 12.0 504.0 291.0 292.0 421.0 89.0 476.0 136.0 108.0 257.0 99.0 96.0 97.0 98.0 100.0 286.0 283.0,1875.6351576790953
111,111.0 108.0 257.0 99.0 96.0 97.0 98.0 100.0 286.0 283.0,496.8210578445098
30,30.0 144.0 10.0 14.0 45.0 26.0 138.0 4.0 152.0 159.0 41.0 399.0 69.0 404.0 71.0 132.0 74.0 63.0 12.0 504.0 291.0 292.0 421.0 89.0 476.0 136.0 108.0 257.0 99.0 96.0 97.0 98.0 100.0 286.0 283.0,1850.275796468911
340,340.0 337.0 316.0 318.0 342.0 343.0 333.0 341.0 312.0 329.0 388.0 389.0 387.0 130.0 385.0 126.0 120.0 93.0 94.0 112.0 109.0 97.0 98.0 100.0 286.0 283.0,1420.0258919074276
12,12.0 504.0 291.0 292.0 421.0 89.0 476.0 136.0 108.0 257.0 99.0 96.0 97.0 98.0 100.0 286.0 283.0,971.1397546024501
132,132.0 74.0 63.0 12.0 504.0 291.0 292.0 421.0 89.0 476.0 136.0 108.0 257.0 99.0 96.0 97.0 98.0 100.0 286.0 283.0,1093.703607251563
281,281.0 278.0 282.0 416.0 263.0 265.0 512.0 116.0 115.0 119.0 408.0 302.0 303.0 306.0,1466.8741937232492
17,17.0 46.0 13.0 137.0 56.0 1.0 18.0 19.0 47.0 4.0 152.0 159.0 41.0 399.0 69.0 404.0 71.0 132.0 74.0 63.0 12.0 504.0 291.0 292.0 421.0 89.0 476.0 136.0 108.0 257.0 99.0 96.0 97.0 98.0 100.0 286.0 283.0,1913.9908442904725
397,397.0 400.0 396.0 407.0 403.0 398.0 399.0 69.0 404.0 71.0 132.0 74.0 63.0 12.0 504.0 291.0 292.0 421.0 89.0 476.0 136.0 108.0 257.0 99.0 96.0 97.0 98.0 100.0 286.0 283.0,1595.371460060647
71,71.0 132.0 74.0 63.0 12.0 504.0 291.0 292.0 421.0 89.0 476.0 136.0 108.0 257.0 99.0 96.0 97.0 98.0 100.0 286.0 283.0,1117.2859246803275
442,442.0 280.0 281.0 278.0 282.0 416.0 263.0 265.0 512.0 116.0 115.0 119.0 408.0 302.0 303.0 306.0,2050.892677101092
408,408.0 302.0 303.0 306.0,417.282589561771
246,246.0 247.0 248.0 249.0 335.0 337.0 316.0 318.0 342.0 343.0 333.0 341.0 312.0 329.0 388.0 389.0 387.0 130.0 385.0 126.0 120.0 93.0 94.0 112.0 109.0 97.0 98.0 100.0 286.0 283.0,1511.5989753705046
224,224.0 223.0 482.0 390.0 483.0 124.0 231.0 360.0 125.0 123.0 475.0 474.0 136.0 108.0 257.0 99.0 96.0 97.0 98.0 100.0 286.0 283.0,1101.9540218628915
81,81.0 312.0 329.0 388.0 389.0 387.0 130.0 385.0 126.0 120.0 93.0 94.0 112.0 109.0 97.0 98.0 100.0 286.0 283.0,1123.42267593908
9,9.0 157.0 25.0 11.0 40.0 66.0 18.0 19.0 47.0 4.0 152.0 159.0 41.0 399.0 69.0 404.0 71.0 132.0 74.0 63.0 12.0 504.0 291.0 292.0 421.0 89.0 476.0 136.0 108.0 257.0 99.0 96.0 97.0 98.0 100.0 286.0 283.0,1811.6785158600615
276,276.0 269.0 268.0 428.0 267.0 290.0 266.0 259.0 431.0 167.0 393.0 427.0 73.0 171.0 214.0 208.0 420.0 145.0 216.0 222.0 254.0 219.0 353.0 342.0 343.0 333.0 341.0 312.0 329.0 388.0 389.0 387.0 130.0 385.0 126.0 120.0 93.0 94.0 112.0 109.0 97.0 98.0 100.0 286.0 283.0,3600.248537156459
324,324.0 325.0 322.0 242.0 320.0 338.0 340.0 337.0 316.0 318.0 342.0 343.0 333.0 341.0 312.0 329.0 388.0 389.0 387.0 130.0 385.0 126.0 120.0 93.0 94.0 112.0 109.0 97.0 98.0 100.0 286.0 283.0,1617.3031456726494
230,230.0 386.0 385.0 126.0 120.0 93.0 94.0 112.0 109.0 97.0 98.0 100.0 286.0 283.0,775.4936115055956
463,463.0 361.0 360.0 125.0 123.0 475.0 474.0 136.0 108.0 257.0 99.0 96.0 97.0 98.0 100.0 286.0 283.0,948.2782844604886
317,317.0 255.0 318.0 342.0 343.0 333.0 341.0 312.0 329.0 388.0 389.0 387.0 130.0 385.0 126.0 120.0 93.0 94.0 112.0 109.0 97.0 98.0 100.0 286.0 283.0,1376.7096766661223
31,31.0 5.0 106.0 293.0 136.0 108.0 257.0 99.0 96.0 97.0 98.0 100.0 286.0 283.0,1019.0490102789844
74,74.0 63.0 12.0 504.0 291.0 292.0 421.0 89.0 476.0 136.0 108.0 257.0 99.0 96.0 97.0 98.0 100.0 286.0 283.0,1047.003558241835
426,426.0 427.0 73.0 171.0 214.0 208.0 420.0 145.0 216.0 222.0 254.0 219.0 353.0 342.0 343.0 333.0 341.0 312.0 329.0 388.0 389.0 387.0 130.0 385.0 126.0 120.0 93.0 94.0 112.0 109.0 97.0 98.0 100.0 286.0 283.0,2095.170507723209
480,480.0 226.0 228.0 231.0 360.0 125.0 123.0 475.0 474.0 136.0 108.0 257.0 99.0 96.0 97.0 98.0 100.0 286.0 283.0,825.4808473511317
242,242.0 320.0 338.0 340.0 337.0 316.0 318.0 342.0 343.0 333.0 341.0 312.0 329.0 388.0 389.0 387.0 130.0 385.0 126.0 120.0 93.0 94.0 112.0 109.0 97.0 98.0 100.0 286.0 283.0,1515.034302060168
7,7.0 63.0 12.0 504.0 291.0 292.0 421.0 89.0 476.0 136.0 108.0 257.0 99.0 96.0 97.0 98.0 100.0 286.0 283.0,1087.2912844240536
318,318.0 342.0 343.0 333.0 341.0 312.0 329.0 388.0 389.0 387.0 130.0 385.0 126.0 120.0 93.0 94.0 112.0 109.0 97.0 98.0 100.0 286.0 283.0,1354.395875365333
82,82.0 312.0 329.0 388.0 389.0 387.0 130.0 385.0 126.0 120.0 93.0 94.0 112.0 109.0 97.0 98.0 100.0 286.0 283.0,1134.0048338038848
503,503.0 489.0 490.0 124.0 231.0 360.0 125.0 123.0 475.0 474.0 136.0 108.0 257.0 99.0 96.0 97.0 98.0 100.0 286.0 283.0,913.4236646696442
134,134.0 421.0 89.0 476.0 136.0 108.0 257.0 99.0 96.0 97.0 98.0 100.0 286.0 283.0,848.96059296291
264,264.0 415.0 413.0 412.0 514.0 116.0 115.0 119.0 408.0 302.0 303.0 306.0,1391.554909751875
143,143.0 142.0 171.0 214.0 208.0 420.0 145.0 216.0 222.0 254.0 219.0 353.0 342.0 343.0 333.0 341.0 312.0 329.0 388.0 389.0 387.0 130.0 385.0 126.0 120.0 93.0 94.0 112.0 109.0 97.0 98.0 100.0 286.0 283.0,2024.756407110739
414,414.0 412.0 514.0 116.0 115.0 119.0 408.0 302.0 303.0 306.0,1138.0425177895331
403,403.0 398.0 399.0 69.0 404.0 71.0 132.0 74.0 63.0 12.0 504.0 291.0 292.0 421.0 89.0 476.0 136.0 108.0 257.0 99.0 96.0 97.0 98.0 100.0 286.0 283.0,1340.369855695146
148,148.0 147.0 131.0 224.0 223.0 482.0 390.0 483.0 124.0 231.0 360.0 125.0 123.0 475.0 474.0 136.0 108.0 257.0 99.0 96.0 97.0 98.0 100.0 286.0 283.0,1372.4954760491407
415,415.0 413.0 412.0 514.0 116.0 115.0 119.0 408.0 302.0 303.0 306.0,1211.4908221150633
108,108.0 257.0 99.0 96.0 97.0 98.0 100.0 286.0 283.0,382.67891372914823
315,315.0 316.0 318.0 342.0 343.0 333.0 341.0 312.0 329.0 388.0 389.0 387.0 130.0 385.0 126.0 120.0 93.0 94.0 112.0 109.0 97.0 98.0 100.0 286.0 283.0,1393.1431403604813
210,210.0 208.0 420.0 145.0 216.0 222.0 254.0 219.0 353.0 342.0 343.0 333.0 341.0 312.0 329.0 388.0 389.0 387.0 130.0 385.0 126.0 120.0 93.0 94.0 112.0 109.0 97.0 98.0 100.0 286.0 283.0,1817.434934273579
345,345.0 347.0 358.0 356.0 147.0 131.0 224.0 223.0 482.0 390.0 483.0 124.0 231.0 360.0 125.0 123.0 475.0 474.0 136.0 108.0 257.0 99.0 96.0 97.0 98.0 100.0 286.0 283.0,1326.9132186245379
69,69.0 404.0 71.0 132.0 74.0 63.0 12.0 504.0 291.0 292.0 421.0 89.0 476.0 136.0 108.0 257.0 99.0 96.0 97.0 98.0 100.0 286.0 283.0,1248.5590110028231
433,433.0 434.0 429.0 430.0 431.0 167.0 393.0 427.0 73.0 171.0 214.0 208.0 420.0 145.0 216.0 222.0 254.0 219.0 353.0 342.0 343.0 333.0 341.0 312.0 329.0 388.0 389.0 387.0 130.0 385.0 126.0 120.0 93.0 94.0 112.0 109.0 97.0 98.0 100.0 286.0 283.0,2614.5645476867794
124,124.0 231.0 360.0 125.0 123.0 475.0 474.0 136.0 108.0 257.0 99.0 96.0 97.0 98.0 100.0 286.0 283.0,750.8485240606789
279,279.0 278.0 282.0 416.0 263.0 265.0 512.0 116.0 115.0 119.0 408.0 302.0 303.0 306.0,1608.006003595148
288,288.0 267.0 290.0 266.0 259.0 431.0 167.0 393.0 427.0 73.0 171.0 214.0 208.0 420.0 145.0 216.0 222.0 254.0 219.0 353.0 342.0 343.0 333.0 341.0 312.0 329.0 388.0 389.0 387.0 130.0 385.0 126.0 120.0 93.0 94.0 112.0 109.0 97.0 98.0 100.0 286.0 283.0,4150.3229034397555
139,139.0 19.0 47.0 4.0 152.0 159.0 41.0 399.0 69.0 404.0 71.0 132.0 74.0 63.0 12.0 504.0 291.0 292.0 421.0 89.0 476.0 136.0 108.0 257.0 99.0 96.0 97.0 98.0 100.0 286.0 283.0,1590.9651339825043
389,389.0 387.0 130.0 385.0 126.0 120.0 93.0 94.0 112.0 109.0 97.0 98.0 100.0 286.0 283.0,934.2986115260045
455,455.0 66.0 18.0 19.0 47.0 4.0 152.0 159.0 41.0 399.0 69.0 404.0 71.0 132.0 74.0 63.0 12.0 504.0 291.0 292.0 421.0 89.0 476.0 136.0 108.0 257.0 99.0 96.0 97.0 98.0 100.0 286.0 283.0,1679.5599645576058
338,338.0 340.0 337.0 316.0 318.0 342.0 343.0 333.0 341.0 312.0 329.0 388.0 389.0 387.0 130.0 385.0 126.0 120.0 93.0 94.0 112.0 109.0 97.0 98.0 100.0 286.0 283.0,1440.0267238440501
357,357.0 356.0 147.0 131.0 224.0 223.0 482.0 390.0 483.0 124.0 231.0 360.0 125.0 123.0 475.0 474.0 136.0 108.0 257.0 99.0 96.0 97.0 98.0 100.0 286.0 283.0,1237.390162481972
465,465.0 134.0 421.0 89.0 476.0 136.0 108.0 257.0 99.0 96.0 97.0 98.0 100.0 286.0 283.0,861.3595448488819
34,34.0 22.0 141.0 468.0 36.0 135.0 89.0 476.0 136.0 108.0 257.0 99.0 96.0 97.0 98.0 100.0 286.0 283.0,1182.3714924705857
517,517.0 516.0 118.0 117.0 102.0 101.0 110.0 98.0 100.0 286.0 283.0,1018.912519118064
54,54.0 1.0 18.0 19.0 47.0 4.0 152.0 159.0 41.0 399.0 69.0 404.0 71.0 132.0 74.0 63.0 12.0 504.0 291.0 292.0 421.0 89.0 476.0 136.0 108.0 257.0 99.0 96.0 97.0 98.0 100.0 286.0 283.0,1744.9515627075398
424,424.0 425.0 426.0 427.0 73.0 171.0 214.0 208.0 420.0 145.0 216.0 222.0 254.0 219.0 353.0 342.0 343.0 333.0 341.0 312.0 329.0 388.0 389.0 387.0 130.0 385.0 126.0 120.0 93.0 94.0 112.0 109.0 97.0 98.0 100.0 286.0 283.0,2298.029737218526
11,11.0 40.0 66.0 18.0 19.0 47.0 4.0 152.0 159.0 41.0 399.0 69.0 404.0 71.0 132.0 74.0 63.0 12.0 504.0 291.0 292.0 421.0 89.0 476.0 136.0 108.0 257.0 99.0 96.0 97.0 98.0 100.0 286.0 283.0,1683.1484702521539
372,372.0 379.0 377.0 378.0 105.0 104.0 108.0 257.0 99.0 96.0 97.0 98.0 100.0 286.0 283.0,734.9425448622811
126,126.0 120.0 93.0 94.0 112.0 109.0 97.0 98.0 100.0 286.0 283.0,752.6172835616977
384,384.0 362.0 125.0 123.0 475.0 474.0 136.0 108.0 257.0 99.0 96.0 97.0 98.0 100.0 286.0 283.0,750.8676603105386
22,22.0 141.0 468.0 36.0 135.0 89.0 476.0 136.0 108.0 257.0 99.0 96.0 97.0 98.0 100.0 286.0 283.0,1147.1921261485484
204,204.0 153.0 201.0 392.0 395.0 193.0 401.0 397.0 400.0 396.0 407.0 403.0 398.0 399.0 69.0 404.0 71.0 132.0 74.0 63.0 12.0 504.0 291.0 292.0 421.0 89.0 476.0 136.0 108.0 257.0 99.0 96.0 97.0 98.0 100.0 286.0 283.0,2002.226524541137
19,19.0 47.0 4.0 152.0 159.0 41.0 399.0 69.0 404.0 71.0 132.0 74.0 63.0 12.0 504.0 291.0 292.0 421.0 89.0 476.0 136.0 108.0 257.0 99.0 96.0 97.0 98.0 100.0 286.0 283.0,1540.734625858903
303,303.0 306.0,128.78897542419168
457,457.0 456.0 446.0 204.0 153.0 201.0 392.0 395.0 193.0 401.0 397.0 400.0 396.0 407.0 403.0 398.0 399.0 69.0 404.0 71.0 132.0 74.0 63.0 12.0 504.0 291.0 292.0 421.0 89.0 476.0 136.0 108.0 257.0 99.0 96.0 97.0 98.0 100.0 286.0 283.0,2045.7417645408843
411,411.0 222.0 254.0 219.0 353.0 342.0 343.0 333.0 341.0 312.0 329.0 388.0 389.0 387.0 130.0 385.0 126.0 120.0 93.0 94.0 112.0 109.0 97.0 98.0 100.0 286.0 283.0,1424.759766976617
478,478.0 228.0 231.0 360.0 125.0 123.0 475.0 474.0 136.0 108.0 257.0 99.0 96.0 97.0 98.0 100.0 286.0 283.0,804.7490223306157
265,265.0 512.0 116.0 115.0 119.0 408.0 302.0 303.0 306.0,1067.577041518895
130,130.0 385.0 126.0 120.0 93.0 94.0 112.0 109.0 97.0 98.0 100.0 286.0 283.0,917.0047622456729
349,349.0 350.0 351.0 352.0 353.0 342.0 343.0 333.0 341.0 312.0 329.0 388.0 389.0 387.0 130.0 385.0 126.0 120.0 93.0 94.0 112.0 109.0 97.0 98.0 100.0 286.0 283.0,1330.3504437421275
392,392.0 395.0 193.0 401.0 397.0 400.0 396.0 407.0 403.0 398.0 399.0 69.0 404.0 71.0 132.0 74.0 63.0 12.0 504.0 291.0 292.0 421.0 89.0 476.0 136.0 108.0 257.0 99.0 96.0 97.0 98.0 100.0 286.0 283.0,1778.9909272990956
152,152.0 159.0 41.0 399.0 69.0 404.0 71.0 132.0 74.0 63.0 12.0 504.0 291.0 292.0 421.0 89.0 476.0 136.0 108.0 257.0 99.0 96.0 97.0 98.0 100.0 286.0 283.0,1466.4410945511045
247,247.0 248.0 249.0 335.0 337.0 316.0 318.0 342.0 343.0 333.0 341.0 312.0 329.0 388.0 389.0 387.0 130.0 385.0 126.0 120.0 93.0 94.0 112.0 109.0 97.0 98.0 100.0 286.0 283.0,1471.2343696866228
343,343.0 333.0 341.0 312.0 329.0 388.0 389.0 387.0 130.0 385.0 126.0 120.0 93.0 94.0 112.0 109.0 97.0 98.0 100.0 286.0 283.0,1224.8586444343787
115,115.0 119.0 408.0 302.0 303.0 306.0,1031.1622908044042
8,8.0 34.0 22.0 141.0 468.0 36.0 135.0 89.0 476.0 136.0 108.0 257.0 99.0 96.0 97.0 98.0 100.0 286.0 283.0,1230.98266596248
312,312.0 329.0 388.0 389.0 387.0 130.0 385.0 126.0 120.0 93.0 94.0 112.0 109.0 97.0 98.0 100.0 286.0 283.0,1116.5986705266541
348,348.0 350.0 351.0 352.0 353.0 342.0 343.0 333.0 341.0 312.0 329.0 388.0 389.0 387.0 130.0 385.0 126.0 120.0 93.0 94.0 112.0 109.0 97.0 98.0 100.0 286.0 283.0,1292.8012864949903
97,97.0 98.0 100.0 286.0 283.0,217.8792939053635
365,365.0 373.0 379.0 377.0 378.0 105.0 104.0 108.0 257.0 99.0 96.0 97.0 98.0 100.0 286.0 283.0,698.0816505507515
49,49.0 2.0 55.0 77.0 76.0 122.0 391.0 130.0 385.0 126.0 120.0 93.0 94.0 112.0 109.0 97.0 98.0 100.0 286.0 283.0,1213.4748811485126
339,339.0 338.0 340.0 337.0 316.0 318.0 342.0 343.0 333.0 341.0 312.0 329.0 388.0 389.0 387.0 130.0 385.0 126.0 120.0 93.0 94.0 112.0 109.0 97.0 98.0 100.0 286.0 283.0,1455.9317655286704
444,444.0 458.0 446.0 204.0 153.0 201.0 392.0 395.0 193.0 401.0 397.0 400.0 396.0 407.0 403.0 398.0 399.0 69.0 404.0 71.0 132.0 74.0 63.0 12.0 504.0 291.0 292.0 421.0 89.0 476.0 136.0 108.0 257.0 99.0 96.0 97.0 98.0 100.0 286.0 283.0,2094.538061159421
228,228.0 231.0 360.0 125.0 123.0 475.0 474.0 136.0 108.0 257.0 99.0 96.0 97.0 98.0 100.0 286.0 283.0,792.5402206569523
227,227.0 480.0 226.0 228.0 231.0 360.0 125.0 123.0 475.0 474.0 136.0 108.0 257.0 99.0 96.0 97.0 98.0 100.0 286.0 283.0,835.2388777368125
495,495.0 79.0 91.0 330.0 329.0 388.0 389.0 387.0 130.0 385.0 126.0 120.0 93.0 94.0 112.0 109.0 97.0 98.0 100.0 286.0 283.0,1266.7713567040653
374,374.0 365.0 373.0 379.0 377.0 378.0 105.0 104.0 108.0 257.0 99.0 96.0 97.0 98.0 100.0 286.0 283.0,706.2405047307012
387,387.0 130.0 385.0 126.0 120.0 93.0 94.0 112.0 109.0 97.0 98.0 100.0 286.0 283.0,920.3769443726554
401,401.0 397.0 400.0 396.0 407.0 403.0 398.0 399.0 69.0 404.0 71.0 132.0 74.0 63.0 12.0 504.0 291.0 292.0 421.0 89.0 476.0 136.0 108.0 257.0 99.0 96.0 97.0 98.0 100.0 286.0 283.0,1676.8281450075842
351,351.0 352.0 353.0 342.0 343.0 333.0 341.0 312.0 329.0 388.0 389.0 387.0 130.0 385.0 126.0 120.0 93.0 94.0 112.0 109.0 97.0 98.0 100.0 286.0 283.0,1275.7810265531748
47,47.0 4.0 152.0 159.0 41.0 399.0 69.0 404.0 71.0 132.0 74.0 63.0 12.0 504.0 291.0 292.0 421.0 89.0 476.0 136.0 108.0 257.0 99.0 96.0 97.0 98.0 100.0 286.0 283.0,1525.6874663573694
186,186.0 177.0 178.0 148.0 147.0 131.0 224.0 223.0 482.0 390.0 483.0 124.0 231.0 360.0 125.0 123.0 475.0 474.0 136.0 108.0 257.0 99.0 96.0 97.0 98.0 100.0 286.0 283.0,1557.0470198874846
136,136.0 108.0 257.0 99.0 96.0 97.0 98.0 100.0 286.0 283.0,656.6992813772831
150,150.0 406.0 402.0 69.0 404.0 71.0 132.0 74.0 63.0 12.0 504.0 291.0 292.0 421.0 89.0 476.0 136.0 108.0 257.0 99.0 96.0 97.0 98.0 100.0 286.0 283.0,1418.7452499393974
441,441.0 260.0 434.0 429.0 430.0 431.0 167.0 393.0 427.0 73.0 171.0 214.0 208.0 420.0 145.0 216.0 222.0 254.0 219.0 353.0 342.0 343.0 333.0 341.0 312.0 329.0 388.0 389.0 387.0 130.0 385.0 126.0 120.0 93.0 94.0 112.0 109.0 97.0 98.0 100.0 286.0 283.0,2887.203968754957
170,170.0 142.0 171.0 214.0 208.0 420.0 145.0 216.0 222.0 254.0 219.0 353.0 342.0 343.0 333.0 341.0 312.0 329.0 388.0 389.0 387.0 130.0 385.0 126.0 120.0 93.0 94.0 112.0 109.0 97.0 98.0 100.0 286.0 283.0,1992.1577286507654
376,376.0 359.0 380.0 383.0 488.0 487.0 506.0 93.0 94.0 112.0 109.0 97.0 98.0 100.0 286.0 283.0,778.0605441911936
456,456.0 446.0 204.0 153.0 201.0 392.0 395.0 193.0 401.0 397.0 400.0 396.0 407.0 403.0 398.0 399.0 69.0 404.0 71.0 132.0 74.0 63.0 12.0 504.0 291.0 292.0 421.0 89.0 476.0 136.0 108.0 257.0 99.0 96.0 97.0 98.0 100.0 286.0 283.0,2026.0328010832766
32,32.0 54.0 1.0 18.0 19.0 47.0 4.0 152.0 159.0 41.0 399.0 69.0 404.0 71.0 132.0 74.0 63.0 12.0 504.0 291.0 292.0 421.0 89.0 476.0 136.0 108.0 257.0 99.0 96.0 97.0 98.0 100.0 286.0 283.0,1776.9338795843987
3,3.0 32.0 54.0 1.0 18.0 19.0 47.0 4.0 152.0 159.0 41.0 399.0 69.0 404.0 71.0 132.0 74.0 63.0 12.0 504.0 291.0 292.0 421.0 89.0 476.0 136.0 108.0 257.0 99.0 96.0 97.0 98.0 100.0 286.0 283.0,1822.3887103716165
459,459.0 298.0 508.0 113.0 510.0 299.0 515.0 115.0 119.0 408.0 302.0 303.0 306.0,1774.0322230506952
430,430.0 431.0 167.0 393.0 427.0 73.0 171.0 214.0 208.0 420.0 145.0 216.0 222.0 254.0 219.0 353.0 342.0 343.0 333.0 341.0 312.0 329.0 388.0 389.0 387.0 130.0 385.0 126.0 120.0 93.0 94.0 112.0 109.0 97.0 98.0 100.0 286.0 283.0,2425.6624560598784
161,161.0 40.0 66.0 18.0 19.0 47.0 4.0 152.0 159.0 41.0 399.0 69.0 404.0 71.0 132.0 74.0 63.0 12.0 504.0 291.0 292.0 421.0 89.0 476.0 136.0 108.0 257.0 99.0 96.0 97.0 98.0 100.0 286.0 283.0,1757.0154124288863
252,252.0 340.0 337.0 316.0 318.0 342.0 343.0 333.0 341.0 312.0 329.0 388.0 389.0 387.0 130.0 385.0 126.0 120.0 93.0 94.0 112.0 109.0 97.0 98.0 100.0 286.0 283.0,1433.690270590261
412,412.0 514.0 116.0 115.0 119.0 408.0 302.0 303.0 306.0,1079.108501821755
292,292.0 421.0 89.0 476.0 136.0 108.0 257.0 99.0 96.0 97.0 98.0 100.0 286.0 283.0,856.7491147698391
336,336.0 317.0 255.0 318.0 342.0 343.0 333.0 341.0 312.0 329.0 388.0 389.0 387.0 130.0 385.0 126.0 120.0 93.0 94.0 112.0 109.0 97.0 98.0 100.0 286.0 283.0,1427.6521756248794
131,131.0 224.0 223.0 482.0 390.0 483.0 124.0 231.0 360.0 125.0 123.0 475.0 474.0 136.0 108.0 257.0 99.0 96.0 97.0 98.0 100.0 286.0 283.0,1170.770062688051
362,362.0 125.0 123.0 475.0 474.0 136.0 108.0 257.0 99.0 96.0 97.0 98.0 100.0 286.0 283.0,744.87529643656
120,120.0 93.0 94.0 112.0 109.0 97.0 98.0 100.0 286.0 283.0,716.733969375187
263,263.0 265.0 512.0 116.0 115.0 119.0 408.0 302.0 303.0 306.0,1143.5847485752688
445,445.0 28.0 155.0 207.0 156.0 194.0 16.0 23.0 9.0 157.0 25.0 11.0 40.0 66.0 18.0 19.0 47.0 4.0 152.0 159.0 41.0 399.0 69.0 404.0 71.0 132.0 74.0 63.0 12.0 504.0 291.0 292.0 421.0 89.0 476.0 136.0 108.0 257.0 99.0 96.0 97.0 98.0 100.0 286.0 283.0,2212.42744223127
226,226.0 228.0 231.0 360.0 125.0 123.0 475.0 474.0 136.0 108.0 257.0 99.0 96.0 97.0 98.0 100.0 286.0 283.0,810.9534573152104
195,195.0 197.0 205.0 202.0 192.0 199.0 201.0 392.0 395.0 193.0 401.0 397.0 400.0 396.0 407.0 403.0 398.0 399.0 69.0 404.0 71.0 132.0 74.0 63.0 12.0 504.0 291.0 292.0 421.0 89.0 476.0 136.0 108.0 257.0 99.0 96.0 97.0 98.0 100.0 286.0 283.0,2059.406075950839
290,290.0 266.0 259.0 431.0 167.0 393.0 427.0 73.0 171.0 214.0 208.0 420.0 145.0 216.0 222.0 254.0 219.0 353.0 342.0 343.0 333.0 341.0 312.0 329.0 388.0 389.0 387.0 130.0 385.0 126.0 120.0 93.0 94.0 112.0 109.0 97.0 98.0 100.0 286.0 283.0,2942.9643823677407
356,356.0 147.0 131.0 224.0 223.0 482.0 390.0 483.0 124.0 231.0 360.0 125.0 123.0 475.0 474.0 136.0 108.0 257.0 99.0 96.0 97.0 98.0 100.0 286.0 283.0,1229.9117599170365
25,25.0 11.0 40.0 66.0 18.0 19.0 47.0 4.0 152.0 159.0 41.0 399.0 69.0 404.0 71.0 132.0 74.0 63.0 12.0 504.0 291.0 292.0 421.0 89.0 476.0 136.0 108.0 257.0 99.0 96.0 97.0 98.0 100.0 286.0 283.0,1730.1210323353278
125,125.0 123.0 475.0 474.0 136.0 108.0 257.0 99.0 96.0 97.0 98.0 100.0 286.0 283.0,726.9616152862155
319,319.0 339.0 338.0 340.0 337.0 316.0 318.0 342.0 343.0 333.0 341.0 312.0 329.0 388.0 389.0 387.0 130.0 385.0 126.0 120.0 93.0 94.0 112.0 109.0 97.0 98.0 100.0 286.0 283.0,1515.3517257774029
219,219.0 353.0 342.0 343.0 333.0 341.0 312.0 329.0 388.0 389.0 387.0 130.0 385.0 126.0 120.0 93.0 94.0 112.0 109.0 97.0 98.0 100.0 286.0 283.0,1321.9129798085003
378,378.0 105.0 104.0 108.0 257.0 99.0 96.0 97.0 98.0 100.0 286.0 283.0,657.2783980491292
177,177.0 178.0 148.0 147.0 131.0 224.0 223.0 482.0 390.0 483.0 124.0 231.0 360.0 125.0 123.0 475.0 474.0 136.0 108.0 257.0 99.0 96.0 97.0 98.0 100.0 286.0 283.0,1520.0497809351275
194,194.0 16.0 23.0 9.0 157.0 25.0 11.0 40.0 66.0 18.0 19.0 47.0 4.0 152.0 159.0 41.0 399.0 69.0 404.0 71.0 132.0 74.0 63.0 12.0 504.0 291.0 292.0 421.0 89.0 476.0 136.0 108.0 257.0 99.0 96.0 97.0 98.0 100.0 286.0 283.0,1981.1655398626594
300,300.0 301.0 305.0,1292.2057079394745
420,420.0 145.0 216.0 222.0 254.0 219.0 353.0 342.0 343.0 333.0 341.0 312.0 329.0 388.0 389.0 387.0 130.0 385.0 126.0 120.0 93.0 94.0 112.0 109.0 97.0 98.0 100.0 286.0 283.0,1451.417383137471
311,311.0 81.0 312.0 329.0 388.0 389.0 387.0 130.0 385.0 126.0 120.0 93.0 94.0 112.0 109.0 97.0 98.0 100.0 286.0 283.0,1138.1779911355532
250,250.0 251.0 252.0 340.0 337.0 316.0 318.0 342.0 343.0 333.0 341.0 312.0 329.0 388.0 389.0 387.0 130.0 385.0 126.0 120.0 93.0 94.0 112.0 109.0 97.0 98.0 100.0 286.0 283.0,1564.7879521853042
62,62.0 47.0 4.0 152.0 159.0 41.0 399.0 69.0 404.0 71.0 132.0 74.0 63.0 12.0 504.0 291.0 292.0 421.0 89.0 476.0 136.0 108.0 257.0 99.0 96.0 97.0 98.0 100.0 286.0 283.0,1609.394526989675
272,272.0 438.0 439.0 270.0 276.0 269.0 268.0 428.0 267.0 290.0 266.0 259.0 431.0 167.0 393.0 427.0 73.0 171.0 214.0 208.0 420.0 145.0 216.0 222.0 254.0 219.0 353.0 342.0 343.0 333.0 341.0 312.0 329.0 388.0 389.0 387.0 130.0 385.0 126.0 120.0 93.0 94.0 112.0 109.0 97.0 98.0 100.0 286.0 283.0,3922.6256872359318
155,155.0 207.0 156.0 194.0 16.0 23.0 9.0 157.0 25.0 11.0 40.0 66.0 18.0 19.0 47.0 4.0 152.0 159.0 41.0 399.0 69.0 404.0 71.0 132.0 74.0 63.0 12.0 504.0 291.0 292.0 421.0 89.0 476.0 136.0 108.0 257.0 99.0 96.0 97.0 98.0 100.0 286.0 283.0,2149.777456773865
473,473.0 477.0 128.0 362.0 125.0 123.0 475.0 474.0 136.0 108.0 257.0 99.0 96.0 97.0 98.0 100.0 286.0 283.0,797.4298386380354
330,330.0 329.0 388.0 389.0 387.0 130.0 385.0 126.0 120.0 93.0 94.0 112.0 109.0 97.0 98.0 100.0 286.0 283.0,1217.3736410511212
73,73.0 171.0 214.0 208.0 420.0 145.0 216.0 222.0 254.0 219.0 353.0 342.0 343.0 333.0 341.0 312.0 329.0 388.0 389.0 387.0 130.0 385.0 126.0 120.0 93.0 94.0 112.0 109.0 97.0 98.0 100.0 286.0 283.0,2021.1524602778077
474,474.0 136.0 108.0 257.0 99.0 96.0 97.0 98.0 100.0 286.0 283.0,669.9576840894523
114,114.0 511.0 510.0 299.0 515.0 115.0 119.0 408.0 302.0 303.0 306.0,1536.8720500658458
86,86.0 266.0 259.0 431.0 167.0 393.0 427.0 73.0 171.0 214.0 208.0 420.0 145.0 216.0 222.0 254.0 219.0 353.0 342.0 343.0 333.0 341.0 312.0 329.0 388.0 389.0 387.0 130.0 385.0 126.0 120.0 93.0 94.0 112.0 109.0 97.0 98.0 100.0 286.0 283.0,3218.0536934747
511,511.0 510.0 299.0 515.0 115.0 119.0 408.0 302.0 303.0 306.0,1531.9002590860862
342,342.0 343.0 333.0 341.0 312.0 329.0 388.0 389.0 387.0 130.0 385.0 126.0 120.0 93.0 94.0 112.0 109.0 97.0 98.0 100.0 286.0 283.0,1253.0896812320284
440,440.0 425.0 426.0 427.0 73.0 171.0 214.0 208.0 420.0 145.0 216.0 222.0 254.0 219.0 353.0 342.0 343.0 333.0 341.0 312.0 329.0 388.0 389.0 387.0 130.0 385.0 126.0 120.0 93.0 94.0 112.0 109.0 97.0 98.0 100.0 286.0 283.0,2376.033755519821
112,112.0 109.0 97.0 98.0 100.0 286.0 283.0,443.23811362324625
399,399.0 69.0 404.0 71.0 132.0 74.0 63.0 12.0 504.0 291.0 292.0 421.0 89.0 476.0 136.0 108.0 257.0 99.0 96.0 97.0 98.0 100.0 286.0 283.0,1261.1988963118208
483,483.0 124.0 231.0 360.0 125.0 123.0 475.0 474.0 136.0 108.0 257.0 99.0 96.0 97.0 98.0 100.0 286.0 283.0,970.5792524409554
208,208.0 420.0 145.0 216.0 222.0 254.0 219.0 353.0 342.0 343.0 333.0 341.0 312.0 329.0 388.0 389.0 387.0 130.0 385.0 126.0 120.0 93.0 94.0 112.0 109.0 97.0 98.0 100.0 286.0 283.0,1615.1117122952003
10,10.0 14.0 45.0 26.0 138.0 4.0 152.0 159.0 41.0 399.0 69.0 404.0 71.0 132.0 74.0 63.0 12.0 504.0 291.0 292.0 421.0 89.0 476.0 136.0 108.0 257.0 99.0 96.0 97.0 98.0 100.0 286.0 283.0,1761.7904548055417
133,133.0 51.0 90.0 505.0 292.0 421.0 89.0 476.0 136.0 108.0 257.0 99.0 96.0 97.0 98.0 100.0 286.0 283.0,1078.6139816087011
181,181.0 180.0 150.0 406.0 402.0 69.0 404.0 71.0 132.0 74.0 63.0 12.0 504.0 291.0 292.0 421.0 89.0 476.0 136.0 108.0 257.0 99.0 96.0 97.0 98.0 100.0 286.0 283.0,1529.9628324155944
425,425.0 426.0 427.0 73.0 171.0 214.0 208.0 420.0 145.0 216.0 222.0 254.0 219.0 353.0 342.0 343.0 333.0 341.0 312.0 329.0 388.0 389.0 387.0 130.0 385.0 126.0 120.0 93.0 94.0 112.0 109.0 97.0 98.0 100.0 286.0 283.0,2238.6004625755563
94,94.0 112.0 109.0 97.0 98.0 100.0 286.0 283.0,520.0666413205925
110,110.0 98.0 100.0 286.0 283.0,262.2899154130128
302,302.0 303.0 306.0,226.70871775055787
385,385.0 126.0 120.0 93.0 94.0 112.0 109.0 97.0 98.0 100.0 286.0 283.0,758.6489941912276
469,469.0 468.0 36.0 135.0 89.0 476.0 136.0 108.0 257.0 99.0 96.0 97.0 98.0 100.0 286.0 283.0,1135.6394363123807
153,153.0 201.0 392.0 395.0 193.0 401.0 397.0 400.0 396.0 407.0 403.0 398.0 399.0 69.0 404.0 71.0 132.0 74.0 63.0 12.0 504.0 291.0 292.0 421.0 89.0 476.0 136.0 108.0 257.0 99.0 96.0 97.0 98.0 100.0 286.0 283.0,1950.9982989821117
353,353.0 342.0 343.0 333.0 341.0 312.0 329.0 388.0 389.0 387.0 130.0 385.0 126.0 120.0 93.0 94.0 112.0 109.0 97.0 98.0 100.0 286.0 283.0,1260.8494140742848
203,203.0 204.0 153.0 201.0 392.0 395.0 193.0 401.0 397.0 400.0 396.0 407.0 403.0 398.0 399.0 69.0 404.0 71.0 132.0 74.0 63.0 12.0 504.0 291.0 292.0 421.0 89.0 476.0 136.0 108.0 257.0 99.0 96.0 97.0 98.0 100.0 286.0 283.0,2085.3649218492546
140,140.0 57.0 471.0 141.0 468.0 36.0 135.0 89.0 476.0 136.0 108.0 257.0 99.0 96.0 97.0 98.0 100.0 286.0 283.0,1267.2776484324215
416,416.0 263.0 265.0 512.0 116.0 115.0 119.0 408.0 302.0 303.0 306.0,1348.9101629835066
141,141.0 468.0 36.0 135.0 89.0 476.0 136.0 108.0 257.0 99.0 96.0 97.0 98.0 100.0 286.0 283.0,1134.305106465985
489,489.0 490.0 124.0 231.0 360.0 125.0 123.0 475.0 474.0 136.0 108.0 257.0 99.0 96.0 97.0 98.0 100.0 286.0 283.0,888.7269659691511
184,184.0 181.0 180.0 150.0 406.0 402.0 69.0 404.0 71.0 132.0 74.0 63.0 12.0 504.0 291.0 292.0 421.0 89.0 476.0 136.0 108.0 257.0 99.0 96.0 97.0 98.0 100.0 286.0 283.0,1583.0787693847685
188,188.0 24.0 46.0 13.0 137.0 56.0 1.0 18.0 19.0 47.0 4.0 152.0 159.0 41.0 399.0 69.0 404.0 71.0 132.0 74.0 63.0 12.0 504.0 291.0 292.0 421.0 89.0 476.0 136.0 108.0 257.0 99.0 96.0 97.0 98.0 100.0 286.0 283.0,1952.7891786185025
427,427.0 73.0 171.0 214.0 208.0 420.0 145.0 216.0 222.0 254.0 219.0 353.0 342.0 343.0 333.0 341.0 312.0 329.0 388.0 389.0 387.0 130.0 385.0 126.0 120.0 93.0 94.0 112.0 109.0 97.0 98.0 100.0 286.0 283.0,2051.773792293367
166,166.0 172.0 173.0 214.0 208.0 420.0 145.0 216.0 222.0 254.0 219.0 353.0 342.0 343.0 333.0 341.0 312.0 329.0 388.0 389.0 387.0 130.0 385.0 126.0 120.0 93.0 94.0 112.0 109.0 97.0 98.0 100.0 286.0 283.0,2057.397950605284
218,218.0 460.0 151.0 184.0 181.0 180.0 150.0 406.0 402.0 69.0 404.0 71.0 132.0 74.0 63.0 12.0 504.0 291.0 292.0 421.0 89.0 476.0 136.0 108.0 257.0 99.0 96.0 97.0 98.0 100.0 286.0 283.0,1773.1127592805203
331,331.0 326.0 328.0 311.0 81.0 312.0 329.0 388.0 389.0 387.0 130.0 385.0 126.0 120.0 93.0 94.0 112.0 109.0 97.0 98.0 100.0 286.0 283.0,1295.7336528275246
334,334.0 327.0 326.0 328.0 311.0 81.0 312.0 329.0 388.0 389.0 387.0 130.0 385.0 126.0 120.0 93.0 94.0 112.0 109.0 97.0 98.0 100.0 286.0 283.0,1349.8765753729015
434,434.0 429.0 430.0 431.0 167.0 393.0 427.0 73.0 171.0 214.0 208.0 420.0 145.0 216.0 222.0 254.0 219.0 353.0 342.0 343.0 333.0 341.0 312.0 329.0 388.0 389.0 387.0 130.0 385.0 126.0 120.0 93.0 94.0 112.0 109.0 97.0 98.0 100.0 286.0 283.0,2602.1315514713833
215,215.0 212.0 217.0 211.0 216.0 222.0 254.0 219.0 353.0 342.0 343.0 333.0 341.0 312.0 329.0 388.0 389.0 387.0 130.0 385.0 126.0 120.0 93.0 94.0 112.0 109.0 97.0 98.0 100.0 286.0 283.0,2089.1497755964674
39,39.0 30.0 144.0 10.0 14.0 45.0 26.0 138.0 4.0 152.0 159.0 41.0 399.0 69.0 404.0 71.0 132.0 74.0 63.0 12.0 504.0 291.0 292.0 421.0 89.0 476.0 136.0 108.0 257.0 99.0 96.0 97.0 98.0 100.0 286.0 283.0,1947.546672832404
251,251.0 252.0 340.0 337.0 316.0 318.0 342.0 343.0 333.0 341.0 312.0 329.0 388.0 389.0 387.0 130.0 385.0 126.0 120.0 93.0 94.0 112.0 109.0 97.0 98.0 100.0 286.0 283.0,1522.4610932562637
393,393.0 427.0 73.0 171.0 214.0 208.0 420.0 145.0 216.0 222.0 254.0 219.0 353.0 342.0 343.0 333.0 341.0 312.0 329.0 388.0 389.0 387.0 130.0 385.0 126.0 120.0 93.0 94.0 112.0 109.0 97.0 98.0 100.0 286.0 283.0,2135.3666877532846
216,216.0 222.0 254.0 219.0 353.0 342.0 343.0 333.0 341.0 312.0 329.0 388.0 389.0 387.0 130.0 385.0 126.0 120.0 93.0 94.0 112.0 109.0 97.0 98.0 100.0 286.0 283.0,1391.8045459782547
27,27.0 41.0 399.0 69.0 404.0 71.0 132.0 74.0 63.0 12.0 504.0 291.0 292.0 421.0 89.0 476.0 136.0 108.0 257.0 99.0 96.0 97.0 98.0 100.0 286.0 283.0,1410.0525677881244
168,168.0 167.0 393.0 427.0 73.0 171.0 214.0 208.0 420.0 145.0 216.0 222.0 254.0 219.0 353.0 342.0 343.0 333.0 341.0 312.0 329.0 388.0 389.0 387.0 130.0 385.0 126.0 120.0 93.0 94.0 112.0 109.0 97.0 98.0 100.0 286.0 283.0,2738.524433648967
127,127.0 381.0 383.0 488.0 487.0 506.0 93.0 94.0 112.0 109.0 97.0 98.0 100.0 286.0 283.0,783.2577858421097
332,332.0 311.0 81.0 312.0 329.0 388.0 389.0 387.0 130.0 385.0 126.0 120.0 93.0 94.0 112.0 109.0 97.0 98.0 100.0 286.0 283.0,1222.2626785911584
472,472.0 22.0 141.0 468.0 36.0 135.0 89.0 476.0 136.0 108.0 257.0 99.0 96.0 97.0 98.0 100.0 286.0 283.0,1154.484887874397
196,196.0 198.0 154.0 200.0 153.0 201.0 392.0 395.0 193.0 401.0 397.0 400.0 396.0 407.0 403.0 398.0 399.0 69.0 404.0 71.0 132.0 74.0 63.0 12.0 504.0 291.0 292.0 421.0 89.0 476.0 136.0 108.0 257.0 99.0 96.0 97.0 98.0 100.0 286.0 283.0,2124.31415237036
38,38.0 24.0 46.0 13.0 137.0 56.0 1.0 18.0 19.0 47.0 4.0 152.0 159.0 41.0 399.0 69.0 404.0 71.0 132.0 74.0 63.0 12.0 504.0 291.0 292.0 421.0 89.0 476.0 136.0 108.0 257.0 99.0 96.0 97.0 98.0 100.0 286.0 283.0,1958.4802111086462
95,95.0 100.0 286.0 283.0,168.63335455008286
98,98.0 100.0 286.0 283.0,149.51562872327628
497,497.0 80.0 58.0 122.0 391.0 130.0 385.0 126.0 120.0 93.0 94.0 112.0 109.0 97.0 98.0 100.0 286.0 283.0,1301.8451078574271
429,429.0 430.0 431.0 167.0 393.0 427.0 73.0 171.0 214.0 208.0 420.0 145.0 216.0 222.0 254.0 219.0 353.0 342.0 343.0 333.0 341.0 312.0 329.0 388.0 389.0 387.0 130.0 385.0 126.0 120.0 93.0 94.0 112.0 109.0 97.0 98.0 100.0 286.0 283.0,2558.9581180424616
370,370.0 371.0 366.0 375.0 367.0 372.0 379.0 377.0 378.0 105.0 104.0 108.0 257.0 99.0 96.0 97.0 98.0 100.0 286.0 283.0,772.0339510490275
75,75.0 213.0 173.0 214.0 208.0 420.0 145.0 216.0 222.0 254.0 219.0 353.0 342.0 343.0 333.0 341.0 312.0 329.0 388.0 389.0 387.0 130.0 385.0 126.0 120.0 93.0 94.0 112.0 109.0 97.0 98.0 100.0 286.0 283.0,2342.154501797596
240,240.0 251.0 252.0 340.0 337.0 316.0 318.0 342.0 343.0 333.0 341.0 312.0 329.0 388.0 389.0 387.0 130.0 385.0 126.0 120.0 93.0 94.0 112.0 109.0 97.0 98.0 100.0 286.0 283.0,1575.4373788912912
165,165.0 400.0 396.0 407.0 403.0 398.0 399.0 69.0 404.0 71.0 132.0 74.0 63.0 12.0 504.0 291.0 292.0 421.0 89.0 476.0 136.0 108.0 257.0 99.0 96.0 97.0 98.0 100.0 286.0 283.0,1593.939462367245
63,63.0 12.0 504.0 291.0 292.0 421.0 89.0 476.0 136.0 108.0 257.0 99.0 96.0 97.0 98.0 100.0 286.0 283.0,990.964757968551
211,211.0 216.0 222.0 254.0 219.0 353.0 342.0 343.0 333.0 341.0 312.0 329.0 388.0 389.0 387.0 130.0 385.0 126.0 120.0 93.0 94.0 112.0 109.0 97.0 98.0 100.0 286.0 283.0,1599.5846749535895
475,475.0 474.0 136.0 108.0 257.0 99.0 96.0 97.0 98.0 100.0 286.0 283.0,686.4109585153068
70,70.0 73.0 171.0 214.0 208.0 420.0 145.0 216.0 222.0 254.0 219.0 353.0 342.0 343.0 333.0 341.0 312.0 329.0 388.0 389.0 387.0 130.0 385.0 126.0 120.0 93.0 94.0 112.0 109.0 97.0 98.0 100.0 286.0 283.0,2520.613145572176
41,41.0 399.0 69.0 404.0 71.0 132.0 74.0 63.0 12.0 504.0 291.0 292.0 421.0 89.0 476.0 136.0 108.0 257.0 99.0 96.0 97.0 98.0 100.0 286.0 283.0,1340.9650154326268
205,205.0 202.0 192.0 199.0 201.0 392.0 395.0 193.0 401.0 397.0 400.0 396.0 407.0 403.0 398.0 399.0 69.0 404.0 71.0 132.0 74.0 63.0 12.0 504.0 291.0 292.0 421.0 89.0 476.0 136.0 108.0 257.0 99.0 96.0 97.0 98.0 100.0 286.0 283.0,1965.4825572124228
83,83.0 332.0 311.0 81.0 312.0 329.0 388.0 389.0 387.0 130.0 385.0 126.0 120.0 93.0 94.0 112.0 109.0 97.0 98.0 100.0 286.0 283.0,1232.0625977809407
368,368.0 127.0 381.0 383.0 488.0 487.0 506.0 93.0 94.0 112.0 109.0 97.0 98.0 100.0 286.0 283.0,786.5406157951296
37,37.0 20.0 48.0 64.0 156.0 194.0 16.0 23.0 9.0 157.0 25.0 11.0 40.0 66.0 18.0 19.0 47.0 4.0 152.0 159.0 41.0 399.0 69.0 404.0 71.0 132.0 74.0 63.0 12.0 504.0 291.0 292.0 421.0 89.0 476.0 136.0 108.0 257.0 99.0 96.0 97.0 98.0 100.0 286.0 283.0,2162.6711460053075
241,241.0 252.0 340.0 337.0 316.0 318.0 342.0 343.0 333.0 341.0 312.0 329.0 388.0 389.0 387.0 130.0 385.0 126.0 120.0 93.0 94.0 112.0 109.0 97.0 98.0 100.0 286.0 283.0,1488.1510627624266
418,418.0 419.0 236.0 237.0 129.0 387.0 130.0 385.0 126.0 120.0 93.0 94.0 112.0 109.0 97.0 98.0 100.0 286.0 283.0,1156.5823858679041
485,485.0 482.0 390.0 483.0 124.0 231.0 360.0 125.0 123.0 475.0 474.0 136.0 108.0 257.0 99.0 96.0 97.0 98.0 100.0 286.0 283.0,1014.0824433490571
417,417.0 119.0 408.0 302.0 303.0 306.0,1034.6580984023467
173,173.0 214.0 208.0 420.0 145.0 216.0 222.0 254.0 219.0 353.0 342.0 343.0 333.0 341.0 312.0 329.0 388.0 389.0 387.0 130.0 385.0 126.0 120.0 93.0 94.0 112.0 109.0 97.0 98.0 100.0 286.0 283.0,1884.5447320513176
486,486.0 120.0 93.0 94.0 112.0 109.0 97.0 98.0 100.0 286.0 283.0,730.356619084021
462,462.0 293.0 136.0 108.0 257.0 99.0 96.0 97.0 98.0 100.0 286.0 283.0,823.5647187022124
57,57.0 471.0 141.0 468.0 36.0 135.0 89.0 476.0 136.0 108.0 257.0 99.0 96.0 97.0 98.0 100.0 286.0 283.0,1256.7271710130387
388,388.0 389.0 387.0 130.0 385.0 126.0 120.0 93.0 94.0 112.0 109.0 97.0 98.0 100.0 286.0 283.0,965.0571741898667
113,113.0 510.0 299.0 515.0 115.0 119.0 408.0 302.0 303.0 306.0,1523.2737486701224
413,413.0 412.0 514.0 116.0 115.0 119.0 408.0 302.0 303.0 306.0,1154.167150734562
16,16.0 23.0 9.0 157.0 25.0 11.0 40.0 66.0 18.0 19.0 47.0 4.0 152.0 159.0 41.0 399.0 69.0 404.0 71.0 132.0 74.0 63.0 12.0 504.0 291.0 292.0 421.0 89.0 476.0 136.0 108.0 257.0 99.0 96.0 97.0 98.0 100.0 286.0 283.0,1878.5011628727264
310,310.0 299.0 515.0 115.0 119.0 408.0 302.0 303.0 306.0,1670.5661698004244
432,432.0 433.0 434.0 429.0 430.0 431.0 167.0 393.0 427.0 73.0 171.0 214.0 208.0 420.0 145.0 216.0 222.0 254.0 219.0 353.0 342.0 343.0 333.0 341.0 312.0 329.0 388.0 389.0 387.0 130.0 385.0 126.0 120.0 93.0 94.0 112.0 109.0 97.0 98.0 100.0 286.0 283.0,2668.9690738230556
92,92.0 81.0 312.0 329.0 388.0 389.0 387.0 130.0 385.0 126.0 120.0 93.0 94.0 112.0 109.0 97.0 98.0 100.0 286.0 283.0,1152.9193117039174
58,58.0 122.0 391.0 130.0 385.0 126.0 120.0 93.0 94.0 112.0 109.0 97.0 98.0 100.0 286.0 283.0,1104.83453222952
160,160.0 206.0 48.0 64.0 156.0 194.0 16.0 23.0 9.0 157.0 25.0 11.0 40.0 66.0 18.0 19.0 47.0 4.0 152.0 159.0 41.0 399.0 69.0 404.0 71.0 132.0 74.0 63.0 12.0 504.0 291.0 292.0 421.0 89.0 476.0 136.0 108.0 257.0 99.0 96.0 97.0 98.0 100.0 286.0 283.0,2216.1350017513055
446,446.0 204.0 153.0 201.0 392.0 395.0 193.0 401.0 397.0 400.0 396.0 407.0 403.0 398.0 399.0 69.0 404.0 71.0 132.0 74.0 63.0 12.0 504.0 291.0 292.0 421.0 89.0 476.0 136.0 108.0 257.0 99.0 96.0 97.0 98.0 100.0 286.0 283.0,2011.9017409471749
482,482.0 390.0 483.0 124.0 231.0 360.0 125.0 123.0 475.0 474.0 136.0 108.0 257.0 99.0 96.0 97.0 98.0 100.0 286.0 283.0,982.7541725579089
468,468.0 36.0 135.0 89.0 476.0 136.0 108.0 257.0 99.0 96.0 97.0 98.0 100.0 286.0 283.0,1122.154507386162
471,471.0 141.0 468.0 36.0 135.0 89.0 476.0 136.0 108.0 257.0 99.0 96.0 97.0 98.0 100.0 286.0 283.0,1141.6578332857086
490,490.0 124.0 231.0 360.0 125.0 123.0 475.0 474.0 136.0 108.0 257.0 99.0 96.0 97.0 98.0 100.0 286.0 283.0,874.0759212245727
68,68.0 75.0 213.0 173.0 214.0 208.0 420.0 145.0 216.0 222.0 254.0 219.0 353.0 342.0 343.0 333.0 341.0 312.0 329.0 388.0 389.0 387.0 130.0 385.0 126.0 120.0 93.0 94.0 112.0 109.0 97.0 98.0 100.0 286.0 283.0,2462.0835105634683
325,325.0 322.0 242.0 320.0 338.0 340.0 337.0 316.0 318.0 342.0 343.0 333.0 341.0 312.0 329.0 388.0 389.0 387.0 130.0 385.0 126.0 120.0 93.0 94.0 112.0 109.0 97.0 98.0 100.0 286.0 283.0,1589.038421896252
105,105.0 104.0 108.0 257.0 99.0 96.0 97.0 98.0 100.0 286.0 283.0,650.9946626971733
421,421.0 89.0 476.0 136.0 108.0 257.0 99.0 96.0 97.0 98.0 100.0 286.0 283.0,836.0420718353072
367,367.0 372.0 379.0 377.0 378.0 105.0 104.0 108.0 257.0 99.0 96.0 97.0 98.0 100.0 286.0 283.0,740.9446858384589
28,28.0 155.0 207.0 156.0 194.0 16.0 23.0 9.0 157.0 25.0 11.0 40.0 66.0 18.0 19.0 47.0 4.0 152.0 159.0 41.0 399.0 69.0 404.0 71.0 132.0 74.0 63.0 12.0 504.0 291.0 292.0 421.0 89.0 476.0 136.0 108.0 257.0 99.0 96.0 97.0 98.0 100.0 286.0 283.0,2203.8361203291847
282,282.0 416.0 263.0 265.0 512.0 116.0 115.0 119.0 408.0 302.0 303.0 306.0,1376.817927762331
198,198.0 154.0 200.0 153.0 201.0 392.0 395.0 193.0 401.0 397.0 400.0 396.0 407.0 403.0 398.0 399.0 69.0 404.0 71.0 132.0 74.0 63.0 12.0 504.0 291.0 292.0 421.0 89.0 476.0 136.0 108.0 257.0 99.0 96.0 97.0 98.0 100.0 286.0 283.0,2080.6684396524583
116,116.0 115.0 119.0 408.0 302.0 303.0 306.0,1044.7946415079941
454,454.0 161.0 40.0 66.0 18.0 19.0 47.0 4.0 152.0 159.0 41.0 399.0 69.0 404.0 71.0 132.0 74.0 63.0 12.0 504.0 291.0 292.0 421.0 89.0 476.0 136.0 108.0 257.0 99.0 96.0 97.0 98.0 100.0 286.0 283.0,1793.6738085447785
42,42.0 448.0 158.0 139.0 19.0 47.0 4.0 152.0 159.0 41.0 399.0 69.0 404.0 71.0 132.0 74.0 63.0 12.0 504.0 291.0 292.0 421.0 89.0 476.0 136.0 108.0 257.0 99.0 96.0 97.0 98.0 100.0 286.0 283.0,1758.4834898728723
212,212.0 217.0 211.0 216.0 222.0 254.0 219.0 353.0 342.0 343.0 333.0 341.0 312.0 329.0 388.0 389.0 387.0 130.0 385.0 126.0 120.0 93.0 94.0 112.0 109.0 97.0 98.0 100.0 286.0 283.0,1835.8791649687378
